"HITId","HITTypeId","Title","Description","Keywords","Reward","CreationTime","MaxAssignments","RequesterAnnotation","AssignmentDurationInSeconds","AutoApprovalDelayInSeconds","Expiration","NumberOfSimilarHITs","LifetimeInSeconds","AssignmentId","WorkerId","AssignmentStatus","AcceptTime","SubmitTime","AutoApprovalTime","ApprovalTime","RejectionTime","RequesterFeedback","WorkTimeInSeconds","LifetimeApprovalRate","Last30DaysApprovalRate","Last7DaysApprovalRate","Answer.query1","Answer.query2","Answer.query3","Answer.query4","Approve","Reject"
"3E24UO25QZ3GPEWU4ZFC5PTT6N56OW","37HWZYGM8VAZR2AD2LX3B6BQW4ZY94","Querying for movies and TV shows","Give us ways in which you would search for movies and TV shows to watch","voice, command, chat, browse, tv, shows, movie, watch, video","$0.12","Thu Jun 22 14:04:37 PDT 2017","125","BatchId:2845806;OriginalHitTemplateId:;","3600","259200","Thu Jun 29 14:04:37 PDT 2017","","","308Q0PEVB9QWYVLJUDALTMKU4YA9IB","A2LFM01A16YPKG","Submitted","Sat Jun 24 12:14:33 PDT 2017","Sat Jun 24 12:15:27 PDT 2017","Tue Jun 27 12:15:27 PDT 2017","","","","54","100% (4/4)","0% (0/0)","0% (0/0)","What are high ranking horror movies from 2016?","Can I see shows starring Jeffrey Dean Morgan?","What are popular comedies right now?","Show me suggestions to watch right now."
"3E24UO25QZ3GPEWU4ZFC5PTT6N56OW","37HWZYGM8VAZR2AD2LX3B6BQW4ZY94","Querying for movies and TV shows","Give us ways in which you would search for movies and TV shows to watch","voice, command, chat, browse, tv, shows, movie, watch, video","$0.12","Thu Jun 22 14:04:37 PDT 2017","125","BatchId:2845806;OriginalHitTemplateId:;","3600","259200","Thu Jun 29 14:04:37 PDT 2017","","","317HQ483I85HNXPDVNTQBNFE9JTIND","A3421QFB8CTXOE","Approved","Thu Jun 22 17:28:30 PDT 2017","Thu Jun 22 17:30:38 PDT 2017","Sun Jun 25 17:30:38 PDT 2017","2017-06-26 00:31:01 UTC","","","128","100% (2/2)","100% (1/1)","100% (1/1)","What's a good science fiction movie from the last year?","Show me movies with Robin Williams.","What are some good movies from the 80s?","What new science fiction TV series have been added lately?"
"3E24UO25QZ3GPEWU4ZFC5PTT6N56OW","37HWZYGM8VAZR2AD2LX3B6BQW4ZY94","Querying for movies and TV shows","Give us ways in which you would search for movies and TV shows to watch","voice, command, chat, browse, tv, shows, movie, watch, video","$0.12","Thu Jun 22 14:04:37 PDT 2017","125","BatchId:2845806;OriginalHitTemplateId:;","3600","259200","Thu Jun 29 14:04:37 PDT 2017","","","31EUONYN2WG4RO9PV9SM515D7W7OVA","A3HJC6BU35CPE0","Approved","Thu Jun 22 22:11:37 PDT 2017","Thu Jun 22 22:18:49 PDT 2017","Sun Jun 25 22:18:49 PDT 2017","2017-06-26 05:19:00 UTC","","","432","100% (7/7)","100% (1/1)","100% (1/1)","I want to look up all the talk shows which had Carrie Fisher as a guest back in the 90's. I want to watch them all.","Can you look up the most critically acclaimed movie so far for 2017?","Can you come up with a list of the top ten horror films of all time?","I want to watch Alfred Hitchcock films, can you suggest the best one?"
"3E24UO25QZ3GPEWU4ZFC5PTT6N56OW","37HWZYGM8VAZR2AD2LX3B6BQW4ZY94","Querying for movies and TV shows","Give us ways in which you would search for movies and TV shows to watch","voice, command, chat, browse, tv, shows, movie, watch, video","$0.12","Thu Jun 22 14:04:37 PDT 2017","125","BatchId:2845806;OriginalHitTemplateId:;","3600","259200","Thu Jun 29 14:04:37 PDT 2017","","","31HQ4X3T3TNGTBPOOM7P2XHCDQUSLK","A3CMYJ13ESXYKN","Submitted","Sat Jun 24 13:21:03 PDT 2017","Sat Jun 24 13:23:10 PDT 2017","Tue Jun 27 13:23:10 PDT 2017","","","","127","0% (0/0)","0% (0/0)","0% (0/0)","Show me movies directed by Edgar Wright.","I want to watch documentaries about labor organizing.","Do you have anything similar to Game of Thrones?","What Oscar-winning dramas do you have?"
"3E24UO25QZ3GPEWU4ZFC5PTT6N56OW","37HWZYGM8VAZR2AD2LX3B6BQW4ZY94","Querying for movies and TV shows","Give us ways in which you would search for movies and TV shows to watch","voice, command, chat, browse, tv, shows, movie, watch, video","$0.12","Thu Jun 22 14:04:37 PDT 2017","125","BatchId:2845806;OriginalHitTemplateId:;","3600","259200","Thu Jun 29 14:04:37 PDT 2017","","","31QNSG6A5S6ZV6LD6U0A21ZA6BK87R","AQH6FQJVOPNBY","Submitted","Fri Jun 23 12:08:24 PDT 2017","Fri Jun 23 12:10:42 PDT 2017","Mon Jun 26 12:10:42 PDT 2017","","","","138","100% (1/1)","100% (1/1)","100% (1/1)","What's the selection of Adam Sandler movies like?","Show me the top rated action films.","I'm in the mood for a Nicholas Cage movie, which one's have you got?","Play Titanic"
"3E24UO25QZ3GPEWU4ZFC5PTT6N56OW","37HWZYGM8VAZR2AD2LX3B6BQW4ZY94","Querying for movies and TV shows","Give us ways in which you would search for movies and TV shows to watch","voice, command, chat, browse, tv, shows, movie, watch, video","$0.12","Thu Jun 22 14:04:37 PDT 2017","125","BatchId:2845806;OriginalHitTemplateId:;","3600","259200","Thu Jun 29 14:04:37 PDT 2017","","","31UV0MXWNRPDX8J7RNX4H6FSI1H5I4","A3IVXZJS7DQIQQ","Approved","Fri Jun 23 08:01:36 PDT 2017","Fri Jun 23 08:07:11 PDT 2017","Mon Jun 26 08:07:11 PDT 2017","2017-06-26 15:08:00 UTC","","","335","100% (4/4)","100% (1/1)","100% (1/1)","Can you browse favorite comedy series in tv channels?","Is there any new health and business live channels available online?","What are the kid's show starts today and remember me on 10 minutes before?","Can you suggest last week hit and ranking channels and favorite series?"
"3E24UO25QZ3GPEWU4ZFC5PTT6N56OW","37HWZYGM8VAZR2AD2LX3B6BQW4ZY94","Querying for movies and TV shows","Give us ways in which you would search for movies and TV shows to watch","voice, command, chat, browse, tv, shows, movie, watch, video","$0.12","Thu Jun 22 14:04:37 PDT 2017","125","BatchId:2845806;OriginalHitTemplateId:;","3600","259200","Thu Jun 29 14:04:37 PDT 2017","","","31UV0MXWNRPDX8J7RNX4H6FSI2M5IB","A6FFYGIDYQ3MO","Submitted","Sat Jun 24 08:02:31 PDT 2017","Sat Jun 24 08:04:29 PDT 2017","Tue Jun 27 08:04:29 PDT 2017","","","","118","100% (2/2)","0% (0/0)","0% (0/0)","Show me some new kid's movies.","Show me some stand up comedies.","Find some supernatural horror movies.","Show me some movies produced by the Wayans Bros."
"3E24UO25QZ3GPEWU4ZFC5PTT6N56OW","37HWZYGM8VAZR2AD2LX3B6BQW4ZY94","Querying for movies and TV shows","Give us ways in which you would search for movies and TV shows to watch","voice, command, chat, browse, tv, shows, movie, watch, video","$0.12","Thu Jun 22 14:04:37 PDT 2017","125","BatchId:2845806;OriginalHitTemplateId:;","3600","259200","Thu Jun 29 14:04:37 PDT 2017","","","32Q90QCQ1TY4ZM2O2RBJYG0INV9KET","A32QYNP9K73W2M","Approved","Thu Jun 22 14:35:31 PDT 2017","Thu Jun 22 14:41:45 PDT 2017","Sun Jun 25 14:41:45 PDT 2017","2017-06-25 21:42:00 UTC","","","374","100% (2/2)","100% (2/2)","100% (2/2)","What's a good Christmas movie to watch?","What is the best rated film from this year?","Can I see a movie that is rated PG-13?","What's a good family movie to watch?"
"3E24UO25QZ3GPEWU4ZFC5PTT6N56OW","37HWZYGM8VAZR2AD2LX3B6BQW4ZY94","Querying for movies and TV shows","Give us ways in which you would search for movies and TV shows to watch","voice, command, chat, browse, tv, shows, movie, watch, video","$0.12","Thu Jun 22 14:04:37 PDT 2017","125","BatchId:2845806;OriginalHitTemplateId:;","3600","259200","Thu Jun 29 14:04:37 PDT 2017","","","32XVDSJFP0A7UUQBUJTYBSJXF10M2S","A3JJCZGKQ34X1L","Submitted","Fri Jun 23 20:58:56 PDT 2017","Fri Jun 23 21:00:32 PDT 2017","Mon Jun 26 21:00:32 PDT 2017","","","","96","0% (0/0)","0% (0/0)","0% (0/0)","Show me movies with Kate McKinnon","Show me Oscar no","{}","{}"
"3E24UO25QZ3GPEWU4ZFC5PTT6N56OW","37HWZYGM8VAZR2AD2LX3B6BQW4ZY94","Querying for movies and TV shows","Give us ways in which you would search for movies and TV shows to watch","voice, command, chat, browse, tv, shows, movie, watch, video","$0.12","Thu Jun 22 14:04:37 PDT 2017","125","BatchId:2845806;OriginalHitTemplateId:;","3600","259200","Thu Jun 29 14:04:37 PDT 2017","","","333U7HK6IAS4WWI6OB0NRJIK8UEJD6","A3PQ4U97OR69A","Approved","Thu Jun 22 16:56:59 PDT 2017","Thu Jun 22 17:01:58 PDT 2017","Sun Jun 25 17:01:58 PDT 2017","2017-06-26 00:02:00 UTC","","","299","100% (2/2)","100% (2/2)","100% (2/2)","What are the top 10 thrillers of 2016?","What are the trending TV dramas right now?","Can you show me a list of movies starring Jennifer Lawrence?","Any movie suggestions inspired by true events?"
"3E24UO25QZ3GPEWU4ZFC5PTT6N56OW","37HWZYGM8VAZR2AD2LX3B6BQW4ZY94","Querying for movies and TV shows","Give us ways in which you would search for movies and TV shows to watch","voice, command, chat, browse, tv, shows, movie, watch, video","$0.12","Thu Jun 22 14:04:37 PDT 2017","125","BatchId:2845806;OriginalHitTemplateId:;","3600","259200","Thu Jun 29 14:04:37 PDT 2017","","","336YQZE83WRZTR9YC2VW9ZM9ZBE5MZ","A3NV199WLRNAJ8","Submitted","Sat Jun 24 14:09:31 PDT 2017","Sat Jun 24 14:12:02 PDT 2017","Tue Jun 27 14:12:02 PDT 2017","","","","151","0% (0/0)","0% (0/0)","0% (0/0)","I want to see family comedies?","Show me movies with Superheroes?","What are some sitcoms from the 1980s?","What movies have Tim Allen?"
"3E24UO25QZ3GPEWU4ZFC5PTT6N56OW","37HWZYGM8VAZR2AD2LX3B6BQW4ZY94","Querying for movies and TV shows","Give us ways in which you would search for movies and TV shows to watch","voice, command, chat, browse, tv, shows, movie, watch, video","$0.12","Thu Jun 22 14:04:37 PDT 2017","125","BatchId:2845806;OriginalHitTemplateId:;","3600","259200","Thu Jun 29 14:04:37 PDT 2017","","","33C7UALJVMBLKK6BHEJ11R8X3MA81E","AAS1C668N0E9K","Approved","Thu Jun 22 14:06:38 PDT 2017","Thu Jun 22 14:08:12 PDT 2017","Sun Jun 25 14:08:12 PDT 2017","2017-06-25 21:09:00 UTC","","","94","100% (1/1)","100% (1/1)","100% (1/1)","What are upcoming projects for Timothy Olyphant?","Who played Dr. Sloan on Grey's Anatomy?","How many awards has Shonda Rimes won?","What were the top teen movies in the 80's?"
"3E24UO25QZ3GPEWU4ZFC5PTT6N56OW","37HWZYGM8VAZR2AD2LX3B6BQW4ZY94","Querying for movies and TV shows","Give us ways in which you would search for movies and TV shows to watch","voice, command, chat, browse, tv, shows, movie, watch, video","$0.12","Thu Jun 22 14:04:37 PDT 2017","125","BatchId:2845806;OriginalHitTemplateId:;","3600","259200","Thu Jun 29 14:04:37 PDT 2017","","","33LK57MYLUI0Y06S3NYYACSASWIZSK","A1NRWZXS43ZWBV","Approved","Thu Jun 22 23:21:30 PDT 2017","Thu Jun 22 23:23:10 PDT 2017","Sun Jun 25 23:23:10 PDT 2017","2017-06-26 06:24:00 UTC","","","100","100% (2/2)","100% (2/2)","100% (2/2)","show movies with Jennifer Aniston.","show this years comedies","show 2016 oscar movies","show popular 90's TV shows"
"3E24UO25QZ3GPEWU4ZFC5PTT6N56OW","37HWZYGM8VAZR2AD2LX3B6BQW4ZY94","Querying for movies and TV shows","Give us ways in which you would search for movies and TV shows to watch","voice, command, chat, browse, tv, shows, movie, watch, video","$0.12","Thu Jun 22 14:04:37 PDT 2017","125","BatchId:2845806;OriginalHitTemplateId:;","3600","259200","Thu Jun 29 14:04:37 PDT 2017","","","33NF62TLXKFCA2OGGSMAVWDAS4RKJ2","A1FT36XZBHWJ12","Approved","Thu Jun 22 22:20:27 PDT 2017","Thu Jun 22 22:22:41 PDT 2017","Sun Jun 25 22:22:41 PDT 2017","2017-06-26 05:23:00 UTC","","","134","100% (1/1)","100% (1/1)","100% (1/1)","Find me movies with Peter Firth.","What Star Wars movies haven't I already seen?","Find me movies from the year I was born?","Find Australian movies that have won Logie awards."
"3E24UO25QZ3GPEWU4ZFC5PTT6N56OW","37HWZYGM8VAZR2AD2LX3B6BQW4ZY94","Querying for movies and TV shows","Give us ways in which you would search for movies and TV shows to watch","voice, command, chat, browse, tv, shows, movie, watch, video","$0.12","Thu Jun 22 14:04:37 PDT 2017","125","BatchId:2845806;OriginalHitTemplateId:;","3600","259200","Thu Jun 29 14:04:37 PDT 2017","","","33SA9F9TRY7VUMW5R5UMMRUDA3VWEG","AX0Q8FN7BIFGI","Approved","Thu Jun 22 18:42:12 PDT 2017","Thu Jun 22 18:46:46 PDT 2017","Sun Jun 25 18:46:46 PDT 2017","2017-06-26 01:47:00 UTC","","","274","100% (1/1)","100% (1/1)","100% (1/1)","Can I see movies that are ""cult"" movies?","Where can I find obscure tv series from the 1960s?","Can i locate informational type documentaries?","Where can I see experimental movies?"
"3E24UO25QZ3GPEWU4ZFC5PTT6N56OW","37HWZYGM8VAZR2AD2LX3B6BQW4ZY94","Querying for movies and TV shows","Give us ways in which you would search for movies and TV shows to watch","voice, command, chat, browse, tv, shows, movie, watch, video","$0.12","Thu Jun 22 14:04:37 PDT 2017","125","BatchId:2845806;OriginalHitTemplateId:;","3600","259200","Thu Jun 29 14:04:37 PDT 2017","","","340UGXU9DZEZ4TTMRV4V47X2PKKVUN","AESGPQSFD5CVG","Submitted","Fri Jun 23 13:06:42 PDT 2017","Fri Jun 23 13:07:33 PDT 2017","Mon Jun 26 13:07:33 PDT 2017","","","","51","0% (0/0)","0% (0/0)","0% (0/0)","What are popular movies with Jason Statham?","Can you suggest popular comedies from 2010-2015?","What movie was most watched in 1993?","What TV show is best to watch in the morning with kids?"
"3E24UO25QZ3GPEWU4ZFC5PTT6N56OW","37HWZYGM8VAZR2AD2LX3B6BQW4ZY94","Querying for movies and TV shows","Give us ways in which you would search for movies and TV shows to watch","voice, command, chat, browse, tv, shows, movie, watch, video","$0.12","Thu Jun 22 14:04:37 PDT 2017","125","BatchId:2845806;OriginalHitTemplateId:;","3600","259200","Thu Jun 29 14:04:37 PDT 2017","","","3483FV8BEFW55R5J73MHMWMBP1462L","AK9JRJJOTQ4E8","Submitted","Sat Jun 24 11:53:32 PDT 2017","Sat Jun 24 11:57:18 PDT 2017","Tue Jun 27 11:57:18 PDT 2017","","","","226","0% (0/0)","0% (0/0)","0% (0/0)","What were the popular 90's kid shows?","Who won the most awards of 2017 so far?","Can I see more movies with Johnny Depp?","What is the most popular TV airing today?"
"3E24UO25QZ3GPEWU4ZFC5PTT6N56OW","37HWZYGM8VAZR2AD2LX3B6BQW4ZY94","Querying for movies and TV shows","Give us ways in which you would search for movies and TV shows to watch","voice, command, chat, browse, tv, shows, movie, watch, video","$0.12","Thu Jun 22 14:04:37 PDT 2017","125","BatchId:2845806;OriginalHitTemplateId:;","3600","259200","Thu Jun 29 14:04:37 PDT 2017","","","3483FV8BEFW55R5J73MHMWMBPYF62Q","A1PBFUT08YOCF5","Approved","Thu Jun 22 19:23:20 PDT 2017","Thu Jun 22 19:25:31 PDT 2017","Sun Jun 25 19:25:31 PDT 2017","2017-06-26 02:26:00 UTC","","","131","100% (1/1)","100% (1/1)","100% (1/1)","What are some new movie releases from 2017?","What are some movies starring Hugh Jackman?","Can I see top rated sitcoms?","What shows are educational for toddlers?"
"3E24UO25QZ3GPEWU4ZFC5PTT6N56OW","37HWZYGM8VAZR2AD2LX3B6BQW4ZY94","Querying for movies and TV shows","Give us ways in which you would search for movies and TV shows to watch","voice, command, chat, browse, tv, shows, movie, watch, video","$0.12","Thu Jun 22 14:04:37 PDT 2017","125","BatchId:2845806;OriginalHitTemplateId:;","3600","259200","Thu Jun 29 14:04:37 PDT 2017","","","34BBWHLWHBO7ARYRNOKD76S52YEIWR","A2LL81ERU0Y7E6","Approved","Fri Jun 23 05:22:02 PDT 2017","Fri Jun 23 05:25:05 PDT 2017","Mon Jun 26 05:25:05 PDT 2017","2017-06-26 12:26:00 UTC","","","183","100% (2/2)","100% (1/1)","100% (1/1)","Show me some cartoons from the 80s.","I want to watch Game of Thrones.","What is Tom Cruise's most popular movie?","Are there any other shows like Breaking Bad?"
"3E24UO25QZ3GPEWU4ZFC5PTT6N56OW","37HWZYGM8VAZR2AD2LX3B6BQW4ZY94","Querying for movies and TV shows","Give us ways in which you would search for movies and TV shows to watch","voice, command, chat, browse, tv, shows, movie, watch, video","$0.12","Thu Jun 22 14:04:37 PDT 2017","125","BatchId:2845806;OriginalHitTemplateId:;","3600","259200","Thu Jun 29 14:04:37 PDT 2017","","","34J10VATJGB2QU25BFL7FHAJEYEIQ6","A3C8Y41W7I1RY9","Submitted","Sat Jun 24 12:21:58 PDT 2017","Sat Jun 24 12:26:58 PDT 2017","Tue Jun 27 12:26:58 PDT 2017","","","","300","0% (0/0)","0% (0/0)","0% (0/0)","Please show me the newest action movies.","What are the most popular Disney Jr. shows?","Can you show me popular kids movies from the 1980s?","Do you have any of the rainbow bright movies?"
"3E24UO25QZ3GPEWU4ZFC5PTT6N56OW","37HWZYGM8VAZR2AD2LX3B6BQW4ZY94","Querying for movies and TV shows","Give us ways in which you would search for movies and TV shows to watch","voice, command, chat, browse, tv, shows, movie, watch, video","$0.12","Thu Jun 22 14:04:37 PDT 2017","125","BatchId:2845806;OriginalHitTemplateId:;","3600","259200","Thu Jun 29 14:04:37 PDT 2017","","","34V1S5K3GTEG5BQISC1WWJUPV39963","AJQS1T44TD8QN","Approved","Thu Jun 22 14:24:06 PDT 2017","Thu Jun 22 14:29:36 PDT 2017","Sun Jun 25 14:29:36 PDT 2017","2017-06-25 21:30:00 UTC","","","330","100% (3/3)","100% (2/2)","100% (2/2)","can i see some ghost caught on camera videos?","Can i see a black comedy serials?","What is the most socking accident videos ever ?","Can u suggest me a good rocking song ?"
"3E24UO25QZ3GPEWU4ZFC5PTT6N56OW","37HWZYGM8VAZR2AD2LX3B6BQW4ZY94","Querying for movies and TV shows","Give us ways in which you would search for movies and TV shows to watch","voice, command, chat, browse, tv, shows, movie, watch, video","$0.12","Thu Jun 22 14:04:37 PDT 2017","125","BatchId:2845806;OriginalHitTemplateId:;","3600","259200","Thu Jun 29 14:04:37 PDT 2017","","","35BLDD71I7AGQSNWXI33LZCHR3TZVC","AD21ES5UMD77U","Submitted","Sat Jun 24 12:05:37 PDT 2017","Sat Jun 24 12:08:54 PDT 2017","Tue Jun 27 12:08:54 PDT 2017","","","","197","0% (0/0)","0% (0/0)","0% (0/0)","Can I see a John Wayne Movie from 1954?","What was the last Monkees TV episode?","What year was the first Monday Night Football game?","Can I see the latest Superbowl?"
"3E24UO25QZ3GPEWU4ZFC5PTT6N56OW","37HWZYGM8VAZR2AD2LX3B6BQW4ZY94","Querying for movies and TV shows","Give us ways in which you would search for movies and TV shows to watch","voice, command, chat, browse, tv, shows, movie, watch, video","$0.12","Thu Jun 22 14:04:37 PDT 2017","125","BatchId:2845806;OriginalHitTemplateId:;","3600","259200","Thu Jun 29 14:04:37 PDT 2017","","","35GCEFQ6I61WEJLDD8XX24KY0JS3ZB","A2PIWYARW09UK3","Submitted","Sat Jun 24 04:41:08 PDT 2017","Sat Jun 24 04:42:44 PDT 2017","Tue Jun 27 04:42:44 PDT 2017","","","","96","0% (0/0)","0% (0/0)","0% (0/0)","What's the most popular TV series now?","Can you show me popular comedy Anime?","Show me hentai movies","Give me comedies from the 80's"
"3E24UO25QZ3GPEWU4ZFC5PTT6N56OW","37HWZYGM8VAZR2AD2LX3B6BQW4ZY94","Querying for movies and TV shows","Give us ways in which you would search for movies and TV shows to watch","voice, command, chat, browse, tv, shows, movie, watch, video","$0.12","Thu Jun 22 14:04:37 PDT 2017","125","BatchId:2845806;OriginalHitTemplateId:;","3600","259200","Thu Jun 29 14:04:37 PDT 2017","","","3634BBTX0P75Z5CWXZAD3I657WRFIV","A74DP08JDBH37","Submitted","Sat Jun 24 02:36:16 PDT 2017","Sat Jun 24 02:39:46 PDT 2017","Tue Jun 27 02:39:46 PDT 2017","","","","210","0% (0/0)","0% (0/0)","0% (0/0)","is there any movie premiere on TV this afternoon","find me some comedies to watch tonight","Is there a classic movie thriller on tv tonight","I want to watch any Alfred Hitchcock's movie"
"3E24UO25QZ3GPEWU4ZFC5PTT6N56OW","37HWZYGM8VAZR2AD2LX3B6BQW4ZY94","Querying for movies and TV shows","Give us ways in which you would search for movies and TV shows to watch","voice, command, chat, browse, tv, shows, movie, watch, video","$0.12","Thu Jun 22 14:04:37 PDT 2017","125","BatchId:2845806;OriginalHitTemplateId:;","3600","259200","Thu Jun 29 14:04:37 PDT 2017","","","36AHBNMV1SPURLD5AB1Q16X8LYNDYU","ABR5RDHHP7N3I","Approved","Thu Jun 22 16:44:20 PDT 2017","Thu Jun 22 16:49:46 PDT 2017","Sun Jun 25 16:49:46 PDT 2017","2017-06-25 23:50:00 UTC","","","326","100% (1/1)","100% (1/1)","100% (1/1)","What cooking shows are on between 4 and 6pm","Are any Star Trek spisodes on now","What is on masterpiece theater pbs this month","What movie were Daniel Day LEWIS"
"3E24UO25QZ3GPEWU4ZFC5PTT6N56OW","37HWZYGM8VAZR2AD2LX3B6BQW4ZY94","Querying for movies and TV shows","Give us ways in which you would search for movies and TV shows to watch","voice, command, chat, browse, tv, shows, movie, watch, video","$0.12","Thu Jun 22 14:04:37 PDT 2017","125","BatchId:2845806;OriginalHitTemplateId:;","3600","259200","Thu Jun 29 14:04:37 PDT 2017","","","373ERPL3YPLSB9XGI69BYEMXLXRTRM","A48UNW4YQMMLZ","Approved","Thu Jun 22 15:04:49 PDT 2017","Thu Jun 22 15:06:51 PDT 2017","Sun Jun 25 15:06:51 PDT 2017","2017-06-25 22:07:00 UTC","","","122","100% (2/2)","100% (2/2)","100% (2/2)","Can I watch some Chris Pratt movies?","Any movies featuring Daniel Craig?","Can I watch a movie which won an Oscar in 2016?","Any recent films worth watching?"
"3E24UO25QZ3GPEWU4ZFC5PTT6N56OW","37HWZYGM8VAZR2AD2LX3B6BQW4ZY94","Querying for movies and TV shows","Give us ways in which you would search for movies and TV shows to watch","voice, command, chat, browse, tv, shows, movie, watch, video","$0.12","Thu Jun 22 14:04:37 PDT 2017","125","BatchId:2845806;OriginalHitTemplateId:;","3600","259200","Thu Jun 29 14:04:37 PDT 2017","","","37C0GNLMHGGS813Z4S6YIFDFMSBD6J","A2PC7BZGG07O93","Submitted","Fri Jun 23 21:41:04 PDT 2017","Fri Jun 23 21:43:51 PDT 2017","Mon Jun 26 21:43:51 PDT 2017","","","","167","0% (0/0)","0% (0/0)","0% (0/0)","What is a show similar to Gilmore Girls?","What are the most popular movies being watched right now?","What are the most successful movies at the box office this summer?","Can I see some cult classic films?"
"3E24UO25QZ3GPEWU4ZFC5PTT6N56OW","37HWZYGM8VAZR2AD2LX3B6BQW4ZY94","Querying for movies and TV shows","Give us ways in which you would search for movies and TV shows to watch","voice, command, chat, browse, tv, shows, movie, watch, video","$0.12","Thu Jun 22 14:04:37 PDT 2017","125","BatchId:2845806;OriginalHitTemplateId:;","3600","259200","Thu Jun 29 14:04:37 PDT 2017","","","37XITHEISXMBPSV5WKEL94MTXBZCRU","AK1EAZYCPGX46","Approved","Thu Jun 22 17:32:59 PDT 2017","Thu Jun 22 17:37:24 PDT 2017","Sun Jun 25 17:37:24 PDT 2017","2017-06-26 00:38:00 UTC","","","265","100% (2/2)","100% (2/2)","100% (2/2)","Can you find me the last episode of Grey's Anatomy?","What would be a good movie for my 13 year old daughter and I to watch together?","Any good action movie suggestions from the last year?","Please find me the Hunger games."
"3E24UO25QZ3GPEWU4ZFC5PTT6N56OW","37HWZYGM8VAZR2AD2LX3B6BQW4ZY94","Querying for movies and TV shows","Give us ways in which you would search for movies and TV shows to watch","voice, command, chat, browse, tv, shows, movie, watch, video","$0.12","Thu Jun 22 14:04:37 PDT 2017","125","BatchId:2845806;OriginalHitTemplateId:;","3600","259200","Thu Jun 29 14:04:37 PDT 2017","","","382M9COHEISI2I70W5FL439GPPZUEY","ASMALWZJVTI8Y","Approved","Fri Jun 23 06:15:32 PDT 2017","Fri Jun 23 06:17:25 PDT 2017","Mon Jun 26 06:17:25 PDT 2017","2017-06-26 13:18:00 UTC","","","113","100% (1/1)","100% (1/1)","100% (1/1)","Yo quiero ver una pelicula de horror","What is the best movie playing right now?","what show should i watch?","what is the best show from the 90's?"
"3E24UO25QZ3GPEWU4ZFC5PTT6N56OW","37HWZYGM8VAZR2AD2LX3B6BQW4ZY94","Querying for movies and TV shows","Give us ways in which you would search for movies and TV shows to watch","voice, command, chat, browse, tv, shows, movie, watch, video","$0.12","Thu Jun 22 14:04:37 PDT 2017","125","BatchId:2845806;OriginalHitTemplateId:;","3600","259200","Thu Jun 29 14:04:37 PDT 2017","","","38JBBYETQPNJLKDLHZO3RZBMQC7E4R","A45GNSBV3CGU3","Approved","Fri Jun 23 04:38:54 PDT 2017","Fri Jun 23 05:02:54 PDT 2017","Mon Jun 26 05:02:54 PDT 2017","2017-06-26 12:03:00 UTC","","","1440","100% (1/1)","100% (1/1)","100% (1/1)","suggest me some comedy movies of 2016?","{}","{}","{}"
"3E24UO25QZ3GPEWU4ZFC5PTT6N56OW","37HWZYGM8VAZR2AD2LX3B6BQW4ZY94","Querying for movies and TV shows","Give us ways in which you would search for movies and TV shows to watch","voice, command, chat, browse, tv, shows, movie, watch, video","$0.12","Thu Jun 22 14:04:37 PDT 2017","125","BatchId:2845806;OriginalHitTemplateId:;","3600","259200","Thu Jun 29 14:04:37 PDT 2017","","","39L1G8WVWR4ZJN055XO5AA0MN4R13W","A12NNJKHIZP1TY","Submitted","Sat Jun 24 13:37:49 PDT 2017","Sat Jun 24 13:40:52 PDT 2017","Tue Jun 27 13:40:52 PDT 2017","","","","183","0% (0/0)","0% (0/0)","0% (0/0)","When will the newest Star Trek movie come out?","When does the new season of Stranger Things start?","Is there going to be a reboot of Rosanne?","When does the new Will and Grace start?"
"3E24UO25QZ3GPEWU4ZFC5PTT6N56OW","37HWZYGM8VAZR2AD2LX3B6BQW4ZY94","Querying for movies and TV shows","Give us ways in which you would search for movies and TV shows to watch","voice, command, chat, browse, tv, shows, movie, watch, video","$0.12","Thu Jun 22 14:04:37 PDT 2017","125","BatchId:2845806;OriginalHitTemplateId:;","3600","259200","Thu Jun 29 14:04:37 PDT 2017","","","39O5D9O87U5J6QA3LUDPR6JDRXJ3CH","A2MDYAZ6FHY04J","Approved","Thu Jun 22 17:41:48 PDT 2017","Thu Jun 22 17:42:55 PDT 2017","Sun Jun 25 17:42:55 PDT 2017","2017-06-26 00:43:00 UTC","","","67","100% (1/1)","100% (1/1)","100% (1/1)","What was the most popular drama movie in 2007?","How many movies has Bill Murray acted in?","What is a scary movie that has good ratings?","What is Brad Pitt's most popular movie?"
"3E24UO25QZ3GPEWU4ZFC5PTT6N56OW","37HWZYGM8VAZR2AD2LX3B6BQW4ZY94","Querying for movies and TV shows","Give us ways in which you would search for movies and TV shows to watch","voice, command, chat, browse, tv, shows, movie, watch, video","$0.12","Thu Jun 22 14:04:37 PDT 2017","125","BatchId:2845806;OriginalHitTemplateId:;","3600","259200","Thu Jun 29 14:04:37 PDT 2017","","","3A4NIXBJ77CDVGCJ4PB3QOI6L18LMX","AIAWJKOKMOM0","Submitted","Sat Jun 24 10:40:34 PDT 2017","Sat Jun 24 10:41:36 PDT 2017","Tue Jun 27 10:41:36 PDT 2017","","","","62","0% (0/0)","0% (0/0)","0% (0/0)","Can you show  me the list of some good old comedies ?","What are the best animation movies in 2016?","Can you give me for tonight good horror movie?","Is there any action movies rating over 8 on IMDB?"
"3E24UO25QZ3GPEWU4ZFC5PTT6N56OW","37HWZYGM8VAZR2AD2LX3B6BQW4ZY94","Querying for movies and TV shows","Give us ways in which you would search for movies and TV shows to watch","voice, command, chat, browse, tv, shows, movie, watch, video","$0.12","Thu Jun 22 14:04:37 PDT 2017","125","BatchId:2845806;OriginalHitTemplateId:;","3600","259200","Thu Jun 29 14:04:37 PDT 2017","","","3A4NIXBJ77CDVGCJ4PB3QOI6LYTLMC","A3FYWUZK52IC2J","Approved","Thu Jun 22 23:35:34 PDT 2017","Fri Jun 23 00:08:04 PDT 2017","Mon Jun 26 00:08:04 PDT 2017","2017-06-26 07:09:00 UTC","","","1950","100% (1/1)","100% (1/1)","100% (1/1)","What's a good show to watch based on my history?","Are there any new kids shows added?","What should we watch tonight for movie night?","What's a good tearjerker movie?"
"3E24UO25QZ3GPEWU4ZFC5PTT6N56OW","37HWZYGM8VAZR2AD2LX3B6BQW4ZY94","Querying for movies and TV shows","Give us ways in which you would search for movies and TV shows to watch","voice, command, chat, browse, tv, shows, movie, watch, video","$0.12","Thu Jun 22 14:04:37 PDT 2017","125","BatchId:2845806;OriginalHitTemplateId:;","3600","259200","Thu Jun 29 14:04:37 PDT 2017","","","3AAPLD8UCDUFMFJDM1XHKAKRYSWTH0","A6V02Y4CIDQHI","Submitted","Sat Jun 24 11:43:38 PDT 2017","Sat Jun 24 11:44:07 PDT 2017","Tue Jun 27 11:44:07 PDT 2017","","","","29","0% (0/0)","0% (0/0)","0% (0/0)","What is everyone else watching the most right now?","What movie can I watch that will make me laugh?","{}","{}"
"3E24UO25QZ3GPEWU4ZFC5PTT6N56OW","37HWZYGM8VAZR2AD2LX3B6BQW4ZY94","Querying for movies and TV shows","Give us ways in which you would search for movies and TV shows to watch","voice, command, chat, browse, tv, shows, movie, watch, video","$0.12","Thu Jun 22 14:04:37 PDT 2017","125","BatchId:2845806;OriginalHitTemplateId:;","3600","259200","Thu Jun 29 14:04:37 PDT 2017","","","3BXQMRHWK0BGE6ZDD334HBEPYPDMUY","A3M26P1CBNLA4U","Approved","Thu Jun 22 19:08:12 PDT 2017","Thu Jun 22 19:10:26 PDT 2017","Sun Jun 25 19:10:26 PDT 2017","2017-06-26 02:11:00 UTC","","","134","100% (1/1)","100% (1/1)","100% (1/1)","Top-rated movies of 2016.","What are the best reviewed comedies of the last two years?","Sci-fi film from 2014 starring Tom Cruise?","Top ten films of the 2000s."
"3E24UO25QZ3GPEWU4ZFC5PTT6N56OW","37HWZYGM8VAZR2AD2LX3B6BQW4ZY94","Querying for movies and TV shows","Give us ways in which you would search for movies and TV shows to watch","voice, command, chat, browse, tv, shows, movie, watch, video","$0.12","Thu Jun 22 14:04:37 PDT 2017","125","BatchId:2845806;OriginalHitTemplateId:;","3600","259200","Thu Jun 29 14:04:37 PDT 2017","","","3C8HJ7UOP87X05TNJQ2CY3T407UZM2","A3B77HFHIPFZB6","Approved","Thu Jun 22 20:38:04 PDT 2017","Thu Jun 22 20:46:55 PDT 2017","Sun Jun 25 20:46:55 PDT 2017","2017-06-26 03:47:00 UTC","","","531","100% (11/11)","100% (2/2)","100% (2/2)","Could I get a list of most talked about musicals (movies, not Broadway)  from the last decade?","I'm looking for a really scary horror movie - maybe one that tops scariest movies lists out there?","What TV shows other than Buffy the Vampire Slayer have random musical episodes in them?","Has Sandra Bullock been in some good movies since Gravity?"
"3E24UO25QZ3GPEWU4ZFC5PTT6N56OW","37HWZYGM8VAZR2AD2LX3B6BQW4ZY94","Querying for movies and TV shows","Give us ways in which you would search for movies and TV shows to watch","voice, command, chat, browse, tv, shows, movie, watch, video","$0.12","Thu Jun 22 14:04:37 PDT 2017","125","BatchId:2845806;OriginalHitTemplateId:;","3600","259200","Thu Jun 29 14:04:37 PDT 2017","","","3CPLWGV3MPCOCWWARTNDYUGBQWYN9X","A1506T1PAYRT16","Submitted","Fri Jun 23 09:52:07 PDT 2017","Fri Jun 23 10:22:14 PDT 2017","Mon Jun 26 10:22:14 PDT 2017","","","","1807","100% (2/2)","0% (0/0)","0% (0/0)","Can I see some movies that feature Tom Cruise?","What are some romance movies from this year?","Are there any new zombie movies that you would suggest?","What tv shows are popular this year?"
"3E24UO25QZ3GPEWU4ZFC5PTT6N56OW","37HWZYGM8VAZR2AD2LX3B6BQW4ZY94","Querying for movies and TV shows","Give us ways in which you would search for movies and TV shows to watch","voice, command, chat, browse, tv, shows, movie, watch, video","$0.12","Thu Jun 22 14:04:37 PDT 2017","125","BatchId:2845806;OriginalHitTemplateId:;","3600","259200","Thu Jun 29 14:04:37 PDT 2017","","","3DEL4X4EL7Y8PRIM1B22VD001KNYXD","AMSHKCKFT58NY","Submitted","Sat Jun 24 03:32:27 PDT 2017","Sat Jun 24 03:36:37 PDT 2017","Tue Jun 27 03:36:37 PDT 2017","","","","250","0% (0/0)","0% (0/0)","0% (0/0)","What where the most popular action movies from 2015?","What's Quentin Tarantino's most recent film?","Do you have any new recommandations for me?","{}"
"3E24UO25QZ3GPEWU4ZFC5PTT6N56OW","37HWZYGM8VAZR2AD2LX3B6BQW4ZY94","Querying for movies and TV shows","Give us ways in which you would search for movies and TV shows to watch","voice, command, chat, browse, tv, shows, movie, watch, video","$0.12","Thu Jun 22 14:04:37 PDT 2017","125","BatchId:2845806;OriginalHitTemplateId:;","3600","259200","Thu Jun 29 14:04:37 PDT 2017","","","3DI28L7YXBR2TLG2UH51T14JET1E1K","AKEGA1RRU5IJI","Submitted","Sat Jun 24 01:58:59 PDT 2017","Sat Jun 24 02:01:08 PDT 2017","Tue Jun 27 02:01:08 PDT 2017","","","","129","0% (0/0)","0% (0/0)","0% (0/0)","Show me some latest hit movies of year 2000","Popular kids rhymes please","Show me last episode of Lost season 6","Suggest some good songs tonight"
"3E24UO25QZ3GPEWU4ZFC5PTT6N56OW","37HWZYGM8VAZR2AD2LX3B6BQW4ZY94","Querying for movies and TV shows","Give us ways in which you would search for movies and TV shows to watch","voice, command, chat, browse, tv, shows, movie, watch, video","$0.12","Thu Jun 22 14:04:37 PDT 2017","125","BatchId:2845806;OriginalHitTemplateId:;","3600","259200","Thu Jun 29 14:04:37 PDT 2017","","","3DL65MZB8ESMGOQ0AEULAXNAINCECO","ATUCZB2W7VVI7","Approved","Fri Jun 23 02:00:19 PDT 2017","Fri Jun 23 02:02:39 PDT 2017","Mon Jun 26 02:02:39 PDT 2017","2017-06-26 09:03:00 UTC","","","140","99% (127/128)","100% (1/1)","100% (1/1)","show me the most recent DVD releases for this month","Can i play Season 2 of Breaking Bad","I want to watch that movie with Jim Carey as a pet detective","I'm searching for a comedy staring Jonah Hill"
"3E24UO25QZ3GPEWU4ZFC5PTT6N56OW","37HWZYGM8VAZR2AD2LX3B6BQW4ZY94","Querying for movies and TV shows","Give us ways in which you would search for movies and TV shows to watch","voice, command, chat, browse, tv, shows, movie, watch, video","$0.12","Thu Jun 22 14:04:37 PDT 2017","125","BatchId:2845806;OriginalHitTemplateId:;","3600","259200","Thu Jun 29 14:04:37 PDT 2017","","","3DPNQGW4LMSF85K6BH55FBJ99FJ640","A2MS0L8NYOH7HJ","Submitted","Fri Jun 23 22:35:03 PDT 2017","Fri Jun 23 22:48:39 PDT 2017","Mon Jun 26 22:48:39 PDT 2017","","","","816","0% (0/0)","0% (0/0)","0% (0/0)","Can I see the list of best comedy movies of all time?","Which is the current highly rated  TV show?","what are the movies releasing in 2017?","How can I watch movies online?"
"3E24UO25QZ3GPEWU4ZFC5PTT6N56OW","37HWZYGM8VAZR2AD2LX3B6BQW4ZY94","Querying for movies and TV shows","Give us ways in which you would search for movies and TV shows to watch","voice, command, chat, browse, tv, shows, movie, watch, video","$0.12","Thu Jun 22 14:04:37 PDT 2017","125","BatchId:2845806;OriginalHitTemplateId:;","3600","259200","Thu Jun 29 14:04:37 PDT 2017","","","3DZQRBDBSMSZD7ZZIG3P6BNVD4WS3Z","A3P24DLGZPK4WM","Submitted","Sat Jun 24 07:44:02 PDT 2017","Sat Jun 24 07:48:56 PDT 2017","Tue Jun 27 07:48:56 PDT 2017","","","","294","0% (0/0)","0% (0/0)","0% (0/0)","What are the latest animation releases in 2017?","What is the most popular horror movie this year?","When will the next season of Supernatural come?","What are the ratings of Despicable Me 3?"
"3E24UO25QZ3GPEWU4ZFC5PTT6N56OW","37HWZYGM8VAZR2AD2LX3B6BQW4ZY94","Querying for movies and TV shows","Give us ways in which you would search for movies and TV shows to watch","voice, command, chat, browse, tv, shows, movie, watch, video","$0.12","Thu Jun 22 14:04:37 PDT 2017","125","BatchId:2845806;OriginalHitTemplateId:;","3600","259200","Thu Jun 29 14:04:37 PDT 2017","","","3E1QT0TDFQMWKQ29PL47TQPJKRXI8Y","AQ4OZLFFA58MV","Submitted","Fri Jun 23 13:43:23 PDT 2017","Fri Jun 23 13:46:29 PDT 2017","Mon Jun 26 13:46:29 PDT 2017","","","","186","100% (1/1)","100% (1/1)","100% (1/1)","What are some crime dramas from the 40's?","Any movies with John Wayne?","What shows did Carol Burnett do?","Suggest some spaghetti westerns."
"3E24UO25QZ3GPEWU4ZFC5PTT6N56OW","37HWZYGM8VAZR2AD2LX3B6BQW4ZY94","Querying for movies and TV shows","Give us ways in which you would search for movies and TV shows to watch","voice, command, chat, browse, tv, shows, movie, watch, video","$0.12","Thu Jun 22 14:04:37 PDT 2017","125","BatchId:2845806;OriginalHitTemplateId:;","3600","259200","Thu Jun 29 14:04:37 PDT 2017","","","3ERET4BTVNMN4QB7UGVX62Z7W2LK9J","AVPW2P11STYLA","Submitted","Sat Jun 24 02:24:22 PDT 2017","Sat Jun 24 02:29:24 PDT 2017","Tue Jun 27 02:29:24 PDT 2017","","","","302","0% (0/0)","0% (0/0)","0% (0/0)","Could I watch a well-rated sci-fi movie?","What is the most watched TV show of the year?","What new movies would you suggest to watch?","What comedy show would you recommend?"
"3E24UO25QZ3GPEWU4ZFC5PTT6N56OW","37HWZYGM8VAZR2AD2LX3B6BQW4ZY94","Querying for movies and TV shows","Give us ways in which you would search for movies and TV shows to watch","voice, command, chat, browse, tv, shows, movie, watch, video","$0.12","Thu Jun 22 14:04:37 PDT 2017","125","BatchId:2845806;OriginalHitTemplateId:;","3600","259200","Thu Jun 29 14:04:37 PDT 2017","","","3F6HPJW4JED3Z6KPYLZLKQLOD09W2I","A3RMZTB03OG7SJ","Approved","Thu Jun 22 20:29:59 PDT 2017","Thu Jun 22 20:33:19 PDT 2017","Sun Jun 25 20:33:19 PDT 2017","2017-06-26 03:34:00 UTC","","","200","100% (1/1)","100% (1/1)","100% (1/1)","Are there any new series starting soon?","What was the most popular science fiction film last month?","Are there any movies longer than 100 minutes?","Can you show me the highest rated Adam Sandler movie?"
"3E24UO25QZ3GPEWU4ZFC5PTT6N56OW","37HWZYGM8VAZR2AD2LX3B6BQW4ZY94","Querying for movies and TV shows","Give us ways in which you would search for movies and TV shows to watch","voice, command, chat, browse, tv, shows, movie, watch, video","$0.12","Thu Jun 22 14:04:37 PDT 2017","125","BatchId:2845806;OriginalHitTemplateId:;","3600","259200","Thu Jun 29 14:04:37 PDT 2017","","","3FE7TXL1LJ0YF9O3MC0FS132P17Q2R","A2T2ENF8E9FX68","Approved","Fri Jun 23 08:14:28 PDT 2017","Fri Jun 23 09:02:12 PDT 2017","Mon Jun 26 09:02:12 PDT 2017","2017-06-26 16:03:00 UTC","","","2864","100% (1/1)","100% (1/1)","100% (1/1)","Where can I find old episodes of Babylon 5?","Do you have any well-reviewed horror movies?","Where can I stream yesterday's episode of Conan?","Can you show me some raunchy comedies from the 1980s?"
"3E24UO25QZ3GPEWU4ZFC5PTT6N56OW","37HWZYGM8VAZR2AD2LX3B6BQW4ZY94","Querying for movies and TV shows","Give us ways in which you would search for movies and TV shows to watch","voice, command, chat, browse, tv, shows, movie, watch, video","$0.12","Thu Jun 22 14:04:37 PDT 2017","125","BatchId:2845806;OriginalHitTemplateId:;","3600","259200","Thu Jun 29 14:04:37 PDT 2017","","","3FFJ6VRIL21E21X6UHRS0BJ11RV0IZ","A2YDGWBLQV46EQ","Approved","Thu Jun 22 21:33:18 PDT 2017","Thu Jun 22 21:46:25 PDT 2017","Sun Jun 25 21:46:25 PDT 2017","2017-06-26 04:47:00 UTC","","","787","100% (3/3)","100% (1/1)","100% (1/1)","Could you please suggest me some top IMDB rated horror movies?","Is there any adult animation series in TV to watch regularly?","Please help me to find most recent Angelina Jolie movie.","I am in romantic mood today, any movies to match it?"
"3E24UO25QZ3GPEWU4ZFC5PTT6N56OW","37HWZYGM8VAZR2AD2LX3B6BQW4ZY94","Querying for movies and TV shows","Give us ways in which you would search for movies and TV shows to watch","voice, command, chat, browse, tv, shows, movie, watch, video","$0.12","Thu Jun 22 14:04:37 PDT 2017","125","BatchId:2845806;OriginalHitTemplateId:;","3600","259200","Thu Jun 29 14:04:37 PDT 2017","","","3FIJLY1B6VHXGRZ0AU0XCF7HT6TPFG","A2KIN73GW839KG","Approved","Thu Jun 22 14:06:07 PDT 2017","Thu Jun 22 14:07:45 PDT 2017","Sun Jun 25 14:07:45 PDT 2017","2017-06-25 21:08:00 UTC","","","98","100% (1/1)","100% (1/1)","100% (1/1)","What are great movies for when you are sad?","What are the funniest movies out right now?","What is a great Brad Pitt movie?","What is one of the best classic films that I can watch right now?"
"3E24UO25QZ3GPEWU4ZFC5PTT6N56OW","37HWZYGM8VAZR2AD2LX3B6BQW4ZY94","Querying for movies and TV shows","Give us ways in which you would search for movies and TV shows to watch","voice, command, chat, browse, tv, shows, movie, watch, video","$0.12","Thu Jun 22 14:04:37 PDT 2017","125","BatchId:2845806;OriginalHitTemplateId:;","3600","259200","Thu Jun 29 14:04:37 PDT 2017","","","3FTOP5WARG1AXCHCCZCSCCY1E960J3","AFF7IQ7FXCDE5","Submitted","Sat Jun 24 13:10:56 PDT 2017","Sat Jun 24 13:13:33 PDT 2017","Tue Jun 27 13:13:33 PDT 2017","","","","157","0% (0/0)","0% (0/0)","0% (0/0)","Whats on Nickelodeon right now?","Whats on primetime CBS tonight?","Any horror/thriller movies on right now?","Can i watch the price is right?"
"3E24UO25QZ3GPEWU4ZFC5PTT6N56OW","37HWZYGM8VAZR2AD2LX3B6BQW4ZY94","Querying for movies and TV shows","Give us ways in which you would search for movies and TV shows to watch","voice, command, chat, browse, tv, shows, movie, watch, video","$0.12","Thu Jun 22 14:04:37 PDT 2017","125","BatchId:2845806;OriginalHitTemplateId:;","3600","259200","Thu Jun 29 14:04:37 PDT 2017","","","3GFK2QRXXAUVY33CG41JIXO0XDE5WC","A1JOIYREPSHSSU","Submitted","Sat Jun 24 03:06:54 PDT 2017","Sat Jun 24 03:09:51 PDT 2017","Tue Jun 27 03:09:51 PDT 2017","","","","177","0% (0/0)","0% (0/0)","0% (0/0)","What are some recent action movies?","What TV shows are popular this year?","Can you show me all the Tom Cruise movies?","What 80s dramas won Oscars?"
"3E24UO25QZ3GPEWU4ZFC5PTT6N56OW","37HWZYGM8VAZR2AD2LX3B6BQW4ZY94","Querying for movies and TV shows","Give us ways in which you would search for movies and TV shows to watch","voice, command, chat, browse, tv, shows, movie, watch, video","$0.12","Thu Jun 22 14:04:37 PDT 2017","125","BatchId:2845806;OriginalHitTemplateId:;","3600","259200","Thu Jun 29 14:04:37 PDT 2017","","","3HOSI13XH01RTAIEEFECOLN73E0DDD","AV8MATM4FD12T","Submitted","Fri Jun 23 23:26:27 PDT 2017","Fri Jun 23 23:28:53 PDT 2017","Mon Jun 26 23:28:53 PDT 2017","","","","146","0% (0/0)","0% (0/0)","0% (0/0)","Can I see all the Best Picture winners from 2000 to now?","What are the newest Animes that are out?","Can I see some dramatic war themed films?","What are the highest rated movies of 2016?"
"3E24UO25QZ3GPEWU4ZFC5PTT6N56OW","37HWZYGM8VAZR2AD2LX3B6BQW4ZY94","Querying for movies and TV shows","Give us ways in which you would search for movies and TV shows to watch","voice, command, chat, browse, tv, shows, movie, watch, video","$0.12","Thu Jun 22 14:04:37 PDT 2017","125","BatchId:2845806;OriginalHitTemplateId:;","3600","259200","Thu Jun 29 14:04:37 PDT 2017","","","3HSYG7LRBKB7LMUYYDMMWBDN7WCKKS","A124JM48FT3VW9","Submitted","Sat Jun 24 13:14:37 PDT 2017","Sat Jun 24 13:15:52 PDT 2017","Tue Jun 27 13:15:52 PDT 2017","","","","75","0% (0/0)","0% (0/0)","0% (0/0)","What is the best Bond movie?","What's the best action TV show on tonight?","Is Jason Bateman still acting?","Spongebob or Fairy Odd Parents?"
"3E24UO25QZ3GPEWU4ZFC5PTT6N56OW","37HWZYGM8VAZR2AD2LX3B6BQW4ZY94","Querying for movies and TV shows","Give us ways in which you would search for movies and TV shows to watch","voice, command, chat, browse, tv, shows, movie, watch, video","$0.12","Thu Jun 22 14:04:37 PDT 2017","125","BatchId:2845806;OriginalHitTemplateId:;","3600","259200","Thu Jun 29 14:04:37 PDT 2017","","","3HWRJOOET6F2N5FW70KLP2RS4SFES3","A22O49HT264771","Approved","Fri Jun 23 06:25:33 PDT 2017","Fri Jun 23 06:27:43 PDT 2017","Mon Jun 26 06:27:43 PDT 2017","2017-06-26 13:28:00 UTC","","","130","100% (1/1)","100% (1/1)","100% (1/1)","Who is the director of the movie the mummy?","What is the imdb rating for the dark knight?","season 7 release date for game of thrones?","best supportive actress award for 2017?"
"3E24UO25QZ3GPEWU4ZFC5PTT6N56OW","37HWZYGM8VAZR2AD2LX3B6BQW4ZY94","Querying for movies and TV shows","Give us ways in which you would search for movies and TV shows to watch","voice, command, chat, browse, tv, shows, movie, watch, video","$0.12","Thu Jun 22 14:04:37 PDT 2017","125","BatchId:2845806;OriginalHitTemplateId:;","3600","259200","Thu Jun 29 14:04:37 PDT 2017","","","3I2PTA7R3U7TWPSTBI6JSXPW6YWQKA","A3PUNFPXCQ4H9S","Approved","Thu Jun 22 14:12:22 PDT 2017","Thu Jun 22 14:15:40 PDT 2017","Sun Jun 25 14:15:40 PDT 2017","2017-06-25 21:16:00 UTC","","","198","100% (2/2)","100% (2/2)","100% (2/2)","I feel like watching a Western.","What's a good family comedy?","Is there a sci-fi film suitable for kids?","What's the most popular film for Halloween?"
"3E24UO25QZ3GPEWU4ZFC5PTT6N56OW","37HWZYGM8VAZR2AD2LX3B6BQW4ZY94","Querying for movies and TV shows","Give us ways in which you would search for movies and TV shows to watch","voice, command, chat, browse, tv, shows, movie, watch, video","$0.12","Thu Jun 22 14:04:37 PDT 2017","125","BatchId:2845806;OriginalHitTemplateId:;","3600","259200","Thu Jun 29 14:04:37 PDT 2017","","","3I33IC7ZWGF6STHMXG3T21OXLGOA21","A3FHOXOVE3WS6L","Approved","Thu Jun 22 14:05:35 PDT 2017","Thu Jun 22 14:07:41 PDT 2017","Sun Jun 25 14:07:41 PDT 2017","2017-06-25 21:08:00 UTC","","","126","100% (1/1)","100% (1/1)","100% (1/1)","Will you please show me horror movie options?","What movies do you have starring Denzel Washington?","What's the most watched documentary?","What's the drama with the highest viewer rating?"
"3E24UO25QZ3GPEWU4ZFC5PTT6N56OW","37HWZYGM8VAZR2AD2LX3B6BQW4ZY94","Querying for movies and TV shows","Give us ways in which you would search for movies and TV shows to watch","voice, command, chat, browse, tv, shows, movie, watch, video","$0.12","Thu Jun 22 14:04:37 PDT 2017","125","BatchId:2845806;OriginalHitTemplateId:;","3600","259200","Thu Jun 29 14:04:37 PDT 2017","","","3I3WADAZ9RHNTUUAPIA913BEU8YO5W","A2ELDYT1S772YH","Approved","Thu Jun 22 19:00:50 PDT 2017","Thu Jun 22 19:03:38 PDT 2017","Sun Jun 25 19:03:38 PDT 2017","2017-06-26 02:04:00 UTC","","","168","100% (1/1)","100% (1/1)","100% (1/1)","CAN I SEE SOME HORROR MOVIES","ARE THERE ANY GOOD COMEDYS OUT HIS YEAR","WHAT MOVIE WON THE FIRST OSCAR","I DONT KNOW WHAT TO WATCH TONIGHT.ANY SUGGESTIONS"
"3E24UO25QZ3GPEWU4ZFC5PTT6N56OW","37HWZYGM8VAZR2AD2LX3B6BQW4ZY94","Querying for movies and TV shows","Give us ways in which you would search for movies and TV shows to watch","voice, command, chat, browse, tv, shows, movie, watch, video","$0.12","Thu Jun 22 14:04:37 PDT 2017","125","BatchId:2845806;OriginalHitTemplateId:;","3600","259200","Thu Jun 29 14:04:37 PDT 2017","","","3IFS6Q0HJJWE3AHI3JACAHPKWJ8ISY","A2XHHILT60PH3H","Approved","Thu Jun 22 19:15:00 PDT 2017","Thu Jun 22 19:17:17 PDT 2017","Sun Jun 25 19:17:17 PDT 2017","2017-06-26 02:18:00 UTC","","","137","100% (1/1)","100% (1/1)","100% (1/1)","Best tv drama of all time?","What's the best horror movie of 2013?","What's the funniest sitcom from the 90's?","What's a good rainy day movie?"
"3E24UO25QZ3GPEWU4ZFC5PTT6N56OW","37HWZYGM8VAZR2AD2LX3B6BQW4ZY94","Querying for movies and TV shows","Give us ways in which you would search for movies and TV shows to watch","voice, command, chat, browse, tv, shows, movie, watch, video","$0.12","Thu Jun 22 14:04:37 PDT 2017","125","BatchId:2845806;OriginalHitTemplateId:;","3600","259200","Thu Jun 29 14:04:37 PDT 2017","","","3JAOYWH7VJHYOWTPFG7YL2CML2XL9U","ARQE52I94K62J","Submitted","Sat Jun 24 06:49:00 PDT 2017","Sat Jun 24 06:51:29 PDT 2017","Tue Jun 27 06:51:29 PDT 2017","","","","149","0% (0/0)","0% (0/0)","0% (0/0)","What is the latest Brad Pitt movie?","Show me comedy movies from 2014.","Can i see some movies with Adam Sandler?","Can you suggest movies like Batman?"
"3E24UO25QZ3GPEWU4ZFC5PTT6N56OW","37HWZYGM8VAZR2AD2LX3B6BQW4ZY94","Querying for movies and TV shows","Give us ways in which you would search for movies and TV shows to watch","voice, command, chat, browse, tv, shows, movie, watch, video","$0.12","Thu Jun 22 14:04:37 PDT 2017","125","BatchId:2845806;OriginalHitTemplateId:;","3600","259200","Thu Jun 29 14:04:37 PDT 2017","","","3JC6VJ2SACWYRQ09FZ5R08R95R2A5R","A3OVE9MHQAXG4U","Approved","Thu Jun 22 22:22:19 PDT 2017","Thu Jun 22 22:22:56 PDT 2017","Sun Jun 25 22:22:56 PDT 2017","2017-06-26 05:23:00 UTC","","","37","100% (1/1)","100% (1/1)","100% (1/1)","Which TV shows are trending right now?","Which drama TV shows were nominated for an Emmy in 2016?","Which movies were nominated for Best Picture in 2016?","Which movies are rated top 10 of all time?"
"3E24UO25QZ3GPEWU4ZFC5PTT6N56OW","37HWZYGM8VAZR2AD2LX3B6BQW4ZY94","Querying for movies and TV shows","Give us ways in which you would search for movies and TV shows to watch","voice, command, chat, browse, tv, shows, movie, watch, video","$0.12","Thu Jun 22 14:04:37 PDT 2017","125","BatchId:2845806;OriginalHitTemplateId:;","3600","259200","Thu Jun 29 14:04:37 PDT 2017","","","3K5TEWLKGWOUV2YMXEFHL49RVQWVIG","A11T731YKGD2RH","Submitted","Sat Jun 24 14:24:20 PDT 2017","Sat Jun 24 14:31:12 PDT 2017","Tue Jun 27 14:31:12 PDT 2017","","","","412","0% (0/0)","0% (0/0)","0% (0/0)","What's the most popular action tv show in this moment?","Can you show me a list of legal tv shows?","What television show has Kaley Cuoco worked on?","There's an educational tv show available for watch tonight?"
"3E24UO25QZ3GPEWU4ZFC5PTT6N56OW","37HWZYGM8VAZR2AD2LX3B6BQW4ZY94","Querying for movies and TV shows","Give us ways in which you would search for movies and TV shows to watch","voice, command, chat, browse, tv, shows, movie, watch, video","$0.12","Thu Jun 22 14:04:37 PDT 2017","125","BatchId:2845806;OriginalHitTemplateId:;","3600","259200","Thu Jun 29 14:04:37 PDT 2017","","","3K9FOBBF2IWJDYXJGQQ33376QNGLNN","A3T8F20W5KKY9Y","Approved","Thu Jun 22 15:10:09 PDT 2017","Thu Jun 22 15:12:30 PDT 2017","Sun Jun 25 15:12:30 PDT 2017","2017-06-25 22:13:00 UTC","","","141","100% (1/1)","100% (1/1)","100% (1/1)","I want to see an action movie, what is popular now?","What animated movie won at the last Oscar's?","Can you find a kids show without violence?","Can you find a romantic movie without nudity?"
"3E24UO25QZ3GPEWU4ZFC5PTT6N56OW","37HWZYGM8VAZR2AD2LX3B6BQW4ZY94","Querying for movies and TV shows","Give us ways in which you would search for movies and TV shows to watch","voice, command, chat, browse, tv, shows, movie, watch, video","$0.12","Thu Jun 22 14:04:37 PDT 2017","125","BatchId:2845806;OriginalHitTemplateId:;","3600","259200","Thu Jun 29 14:04:37 PDT 2017","","","3KGTPGBS6YYQ72VK3LKK220RSJHU2Y","A3P435CTQ7LSUY","Approved","Thu Jun 22 14:46:35 PDT 2017","Thu Jun 22 14:48:49 PDT 2017","Sun Jun 25 14:48:49 PDT 2017","2017-06-25 21:49:00 UTC","","","134","100% (1/1)","100% (1/1)","100% (1/1)","Show me TV shows from the 2000s","Can you suggest comedy movies with Hugh Grant?","Show me movies to watch with my girlfriend","Can I see movies about wars?"
"3E24UO25QZ3GPEWU4ZFC5PTT6N56OW","37HWZYGM8VAZR2AD2LX3B6BQW4ZY94","Querying for movies and TV shows","Give us ways in which you would search for movies and TV shows to watch","voice, command, chat, browse, tv, shows, movie, watch, video","$0.12","Thu Jun 22 14:04:37 PDT 2017","125","BatchId:2845806;OriginalHitTemplateId:;","3600","259200","Thu Jun 29 14:04:37 PDT 2017","","","3KJYX6QCMAOQQDISFW0HX5OR85XJVS","A2KUP4NHPDZECQ","Submitted","Fri Jun 23 20:12:34 PDT 2017","Fri Jun 23 20:13:35 PDT 2017","Mon Jun 26 20:13:35 PDT 2017","","","","61","0% (0/0)","0% (0/0)","0% (0/0)","I want to see Jim Carey","please show me a current Comedy","please suggest a movie for a rainy Friday night","list movies with a strong female lead"
"3E24UO25QZ3GPEWU4ZFC5PTT6N56OW","37HWZYGM8VAZR2AD2LX3B6BQW4ZY94","Querying for movies and TV shows","Give us ways in which you would search for movies and TV shows to watch","voice, command, chat, browse, tv, shows, movie, watch, video","$0.12","Thu Jun 22 14:04:37 PDT 2017","125","BatchId:2845806;OriginalHitTemplateId:;","3600","259200","Thu Jun 29 14:04:37 PDT 2017","","","3KRVW3HTZOY0ZT79OY842AW1DVDSMF","A22T0GNBWQGD34","Submitted","Sat Jun 24 07:52:18 PDT 2017","Sat Jun 24 07:56:13 PDT 2017","Tue Jun 27 07:56:13 PDT 2017","","","","235","0% (0/0)","0% (0/0)","0% (0/0)","Can you find some short movies?","Show me some movies about World War I.","Are there any movies where the good guys don't win?","Any classic Christmas movies?"
"3E24UO25QZ3GPEWU4ZFC5PTT6N56OW","37HWZYGM8VAZR2AD2LX3B6BQW4ZY94","Querying for movies and TV shows","Give us ways in which you would search for movies and TV shows to watch","voice, command, chat, browse, tv, shows, movie, watch, video","$0.12","Thu Jun 22 14:04:37 PDT 2017","125","BatchId:2845806;OriginalHitTemplateId:;","3600","259200","Thu Jun 29 14:04:37 PDT 2017","","","3KXIR214I5TRQ415OFT2PY2XT7I42C","A13G1ZU7UBOLGY","Approved","Thu Jun 22 23:50:48 PDT 2017","Thu Jun 22 23:58:12 PDT 2017","Sun Jun 25 23:58:12 PDT 2017","2017-06-26 06:59:00 UTC","","","444","100% (124/124)","100% (1/1)","100% (1/1)","TV shows like True Detective?","When will season 7 of Game of Thrones start?","What are the imdb ratings of Twin Peaks season 3?","What are some of Christoph Watlz's best movies?"
"3E24UO25QZ3GPEWU4ZFC5PTT6N56OW","37HWZYGM8VAZR2AD2LX3B6BQW4ZY94","Querying for movies and TV shows","Give us ways in which you would search for movies and TV shows to watch","voice, command, chat, browse, tv, shows, movie, watch, video","$0.12","Thu Jun 22 14:04:37 PDT 2017","125","BatchId:2845806;OriginalHitTemplateId:;","3600","259200","Thu Jun 29 14:04:37 PDT 2017","","","3L0KT67Y8FT0TAWN71WFW5J8M5VSY9","A3MGT5W3JD5V89","Submitted","Sat Jun 24 11:30:21 PDT 2017","Sat Jun 24 11:35:17 PDT 2017","Tue Jun 27 11:35:17 PDT 2017","","","","296","100% (7/7)","0% (0/0)","0% (0/0)","Search for list of movies of will smith.","2017 comedy movies","Most viewed horror movies","Blockbuster movies this quarter"
"3E24UO25QZ3GPEWU4ZFC5PTT6N56OW","37HWZYGM8VAZR2AD2LX3B6BQW4ZY94","Querying for movies and TV shows","Give us ways in which you would search for movies and TV shows to watch","voice, command, chat, browse, tv, shows, movie, watch, video","$0.12","Thu Jun 22 14:04:37 PDT 2017","125","BatchId:2845806;OriginalHitTemplateId:;","3600","259200","Thu Jun 29 14:04:37 PDT 2017","","","3L2IS5HSFBVMWOKDP4I4UQ3P3FTUNC","A1U8NMURJO7EBJ","Approved","Thu Jun 22 21:50:37 PDT 2017","Thu Jun 22 21:53:59 PDT 2017","Sun Jun 25 21:53:59 PDT 2017","2017-06-26 04:54:00 UTC","","","202","100% (1/1)","100% (1/1)","100% (1/1)","Can I see a movie that is similar to Forrest Gump?","What sitcom should I watch next?","Show me a popular documentary that I haven't seen.","Which movies won at Cannes last year?"
"3E24UO25QZ3GPEWU4ZFC5PTT6N56OW","37HWZYGM8VAZR2AD2LX3B6BQW4ZY94","Querying for movies and TV shows","Give us ways in which you would search for movies and TV shows to watch","voice, command, chat, browse, tv, shows, movie, watch, video","$0.12","Thu Jun 22 14:04:37 PDT 2017","125","BatchId:2845806;OriginalHitTemplateId:;","3600","259200","Thu Jun 29 14:04:37 PDT 2017","","","3L4D84MIL05L8CN8A7JDI4XI0M0JH8","A2653BIPJKEMRK","Approved","Thu Jun 22 14:10:22 PDT 2017","Thu Jun 22 14:11:32 PDT 2017","Sun Jun 25 14:11:32 PDT 2017","2017-06-25 21:12:00 UTC","","","70","100% (14/14)","100% (2/2)","100% (2/2)","Can you show me movies that have Adam Sandler?","What is the most popular TV right now?","What is the best educational show for children?","What are some of the newest comedies that have come out within the past year?"
"3E24UO25QZ3GPEWU4ZFC5PTT6N56OW","37HWZYGM8VAZR2AD2LX3B6BQW4ZY94","Querying for movies and TV shows","Give us ways in which you would search for movies and TV shows to watch","voice, command, chat, browse, tv, shows, movie, watch, video","$0.12","Thu Jun 22 14:04:37 PDT 2017","125","BatchId:2845806;OriginalHitTemplateId:;","3600","259200","Thu Jun 29 14:04:37 PDT 2017","","","3LRLIPTPERM199LCMM9X2XAR2HTAK8","A174BCWX0VMM1B","Approved","Thu Jun 22 20:47:09 PDT 2017","Thu Jun 22 20:52:52 PDT 2017","Sun Jun 25 20:52:52 PDT 2017","2017-06-26 03:53:00 UTC","","","343","100% (1/1)","100% (1/1)","100% (1/1)","The movie wonder women is watchable or boring?","What are the record breaking movies in 2017?","What about the Baywatch collection?","When the movie Avatar 2 is release?"
"3E24UO25QZ3GPEWU4ZFC5PTT6N56OW","37HWZYGM8VAZR2AD2LX3B6BQW4ZY94","Querying for movies and TV shows","Give us ways in which you would search for movies and TV shows to watch","voice, command, chat, browse, tv, shows, movie, watch, video","$0.12","Thu Jun 22 14:04:37 PDT 2017","125","BatchId:2845806;OriginalHitTemplateId:;","3600","259200","Thu Jun 29 14:04:37 PDT 2017","","","3M0BCWMB8W9XNJKLHESWLJOS76QWBO","AMJX17F2D2IIA","Approved","Thu Jun 22 22:02:58 PDT 2017","Thu Jun 22 22:07:59 PDT 2017","Sun Jun 25 22:07:59 PDT 2017","2017-06-26 05:08:00 UTC","","","301","100% (1/1)","100% (1/1)","100% (1/1)","Can i watch last year's oscar winning animation movie?","which TV show is trending now?","Can you list some movies of Anne Hathaway?","Can you give me a list of top 10 rom coms of this year?"
"3E24UO25QZ3GPEWU4ZFC5PTT6N56OW","37HWZYGM8VAZR2AD2LX3B6BQW4ZY94","Querying for movies and TV shows","Give us ways in which you would search for movies and TV shows to watch","voice, command, chat, browse, tv, shows, movie, watch, video","$0.12","Thu Jun 22 14:04:37 PDT 2017","125","BatchId:2845806;OriginalHitTemplateId:;","3600","259200","Thu Jun 29 14:04:37 PDT 2017","","","3M0NZ3JDP2BZSY8HRRLQH1IIEFT5ZD","A3I2YX844MIRHH","Submitted","Sat Jun 24 12:17:37 PDT 2017","Sat Jun 24 12:19:04 PDT 2017","Tue Jun 27 12:19:04 PDT 2017","","","","87","0% (0/0)","0% (0/0)","0% (0/0)","Show me shows with MATURE ratings","Play a show with action and adventure","Find a listing of shows with nudity","List shows with zombies in them"
"3E24UO25QZ3GPEWU4ZFC5PTT6N56OW","37HWZYGM8VAZR2AD2LX3B6BQW4ZY94","Querying for movies and TV shows","Give us ways in which you would search for movies and TV shows to watch","voice, command, chat, browse, tv, shows, movie, watch, video","$0.12","Thu Jun 22 14:04:37 PDT 2017","125","BatchId:2845806;OriginalHitTemplateId:;","3600","259200","Thu Jun 29 14:04:37 PDT 2017","","","3M68NM076IKM9BM4MT1IN4UJ1QV6R5","AGK30V341UN88","Approved","Thu Jun 22 19:29:18 PDT 2017","Thu Jun 22 19:30:13 PDT 2017","Sun Jun 25 19:30:13 PDT 2017","2017-06-26 02:31:00 UTC","","","55","100% (1/1)","100% (1/1)","100% (1/1)","Can I see some thriller movie from 1980s","Which are the highly rated movies this year?","Can I see some movies related to Agatha Christie Novels","Can I see a romance movie from 2016 with a rate of above 8"
"3E24UO25QZ3GPEWU4ZFC5PTT6N56OW","37HWZYGM8VAZR2AD2LX3B6BQW4ZY94","Querying for movies and TV shows","Give us ways in which you would search for movies and TV shows to watch","voice, command, chat, browse, tv, shows, movie, watch, video","$0.12","Thu Jun 22 14:04:37 PDT 2017","125","BatchId:2845806;OriginalHitTemplateId:;","3600","259200","Thu Jun 29 14:04:37 PDT 2017","","","3MAOD8E57RNEDSE8U9TREX2TX0ENX7","AYHSL0URYXO2Q","Submitted","Fri Jun 23 23:48:26 PDT 2017","Fri Jun 23 23:49:39 PDT 2017","Mon Jun 26 23:49:39 PDT 2017","","","","73","0% (0/0)","0% (0/0)","0% (0/0)","Drama now","Go houses","Music please","That show I don't know the name of ""marvel"""
"3E24UO25QZ3GPEWU4ZFC5PTT6N56OW","37HWZYGM8VAZR2AD2LX3B6BQW4ZY94","Querying for movies and TV shows","Give us ways in which you would search for movies and TV shows to watch","voice, command, chat, browse, tv, shows, movie, watch, video","$0.12","Thu Jun 22 14:04:37 PDT 2017","125","BatchId:2845806;OriginalHitTemplateId:;","3600","259200","Thu Jun 29 14:04:37 PDT 2017","","","3MHW492WW1QGRLODITD9DXG8CWZVM9","A2KBYPO63Q3LSJ","Approved","Fri Jun 23 00:56:14 PDT 2017","Fri Jun 23 01:03:42 PDT 2017","Mon Jun 26 01:03:42 PDT 2017","2017-06-26 08:04:00 UTC","","","448","100% (1/1)","100% (1/1)","100% (1/1)","May I have Jason Strathan movies?","Which are the best rated comedies in 2017?","When does Colony Season 2 air on the TV?","Which movies are best for the weekend?"
"3E24UO25QZ3GPEWU4ZFC5PTT6N56OW","37HWZYGM8VAZR2AD2LX3B6BQW4ZY94","Querying for movies and TV shows","Give us ways in which you would search for movies and TV shows to watch","voice, command, chat, browse, tv, shows, movie, watch, video","$0.12","Thu Jun 22 14:04:37 PDT 2017","125","BatchId:2845806;OriginalHitTemplateId:;","3600","259200","Thu Jun 29 14:04:37 PDT 2017","","","3MTMREQS4WVS49FTB0S0Q84MPNKWA6","A2LM86NOH6NLV","Approved","Thu Jun 22 14:47:29 PDT 2017","Thu Jun 22 14:51:16 PDT 2017","Sun Jun 25 14:51:16 PDT 2017","2017-06-25 21:52:00 UTC","","","227","100% (2/2)","100% (2/2)","100% (2/2)","Show me the highest rated sci-fi movie from the 80s","Can you suggest a good movie about clowns?","What is a 'feel good' movie?","Can I see the latest movie with Johnny Depp?"
"3E24UO25QZ3GPEWU4ZFC5PTT6N56OW","37HWZYGM8VAZR2AD2LX3B6BQW4ZY94","Querying for movies and TV shows","Give us ways in which you would search for movies and TV shows to watch","voice, command, chat, browse, tv, shows, movie, watch, video","$0.12","Thu Jun 22 14:04:37 PDT 2017","125","BatchId:2845806;OriginalHitTemplateId:;","3600","259200","Thu Jun 29 14:04:37 PDT 2017","","","3MYYFCXHJ4KH5Y9CNUERR2WY3TM4G0","A2C325ZSTC464I","Submitted","Fri Jun 23 22:13:54 PDT 2017","Fri Jun 23 22:17:20 PDT 2017","Mon Jun 26 22:17:20 PDT 2017","","","","206","0% (0/0)","0% (0/0)","0% (0/0)","Are there any movies about the Central Intelligence Agency?","What are some movies with Steven Segal as the main character?","Can you tell me what the best F.B.I. movie is?","Could you check on a futuristic movie done about 4036?"
"3E24UO25QZ3GPEWU4ZFC5PTT6N56OW","37HWZYGM8VAZR2AD2LX3B6BQW4ZY94","Querying for movies and TV shows","Give us ways in which you would search for movies and TV shows to watch","voice, command, chat, browse, tv, shows, movie, watch, video","$0.12","Thu Jun 22 14:04:37 PDT 2017","125","BatchId:2845806;OriginalHitTemplateId:;","3600","259200","Thu Jun 29 14:04:37 PDT 2017","","","3ND9UOO81LF90S6X8RHQZMKXJ3PLWR","A1ONR0PUIUQKTI","Submitted","Sat Jun 24 12:24:46 PDT 2017","Sat Jun 24 12:28:32 PDT 2017","Tue Jun 27 12:28:32 PDT 2017","","","","226","0% (0/0)","0% (0/0)","0% (0/0)","Show me movies like The Princess Bride.","What comic book, adventure movies are showing?","List anime similar to Yuri on Ice.","List any Dr. Who episodes filmed after 2014."
"3E24UO25QZ3GPEWU4ZFC5PTT6N56OW","37HWZYGM8VAZR2AD2LX3B6BQW4ZY94","Querying for movies and TV shows","Give us ways in which you would search for movies and TV shows to watch","voice, command, chat, browse, tv, shows, movie, watch, video","$0.12","Thu Jun 22 14:04:37 PDT 2017","125","BatchId:2845806;OriginalHitTemplateId:;","3600","259200","Thu Jun 29 14:04:37 PDT 2017","","","3O6CYIULEEECJITRH59RQ9GGWQHWUN","A3KS9922776XXJ","Approved","Thu Jun 22 16:32:40 PDT 2017","Thu Jun 22 16:35:30 PDT 2017","Sun Jun 25 16:35:30 PDT 2017","2017-06-25 23:36:00 UTC","","","170","100% (1/1)","100% (1/1)","100% (1/1)","Which is the latest horror movie?","What movies were directed by Steven Spielberg?","Which movies are in the Harry Potter series?","Any good British comedy?"
"3E24UO25QZ3GPEWU4ZFC5PTT6N56OW","37HWZYGM8VAZR2AD2LX3B6BQW4ZY94","Querying for movies and TV shows","Give us ways in which you would search for movies and TV shows to watch","voice, command, chat, browse, tv, shows, movie, watch, video","$0.12","Thu Jun 22 14:04:37 PDT 2017","125","BatchId:2845806;OriginalHitTemplateId:;","3600","259200","Thu Jun 29 14:04:37 PDT 2017","","","3OB0CAO74I2B31I7W7KGSRC6DRQYH0","AL78XS9H98CDK","Approved","Thu Jun 22 19:59:16 PDT 2017","Thu Jun 22 20:07:38 PDT 2017","Sun Jun 25 20:07:38 PDT 2017","2017-06-26 03:08:00 UTC","","","502","100% (1/1)","100% (1/1)","100% (1/1)","What superhero movies came out this year?","Which animated movies are available now?","which was the most popular sitcom in the past 5 years?","find oscar winner movies in 2015?"
"3E24UO25QZ3GPEWU4ZFC5PTT6N56OW","37HWZYGM8VAZR2AD2LX3B6BQW4ZY94","Querying for movies and TV shows","Give us ways in which you would search for movies and TV shows to watch","voice, command, chat, browse, tv, shows, movie, watch, video","$0.12","Thu Jun 22 14:04:37 PDT 2017","125","BatchId:2845806;OriginalHitTemplateId:;","3600","259200","Thu Jun 29 14:04:37 PDT 2017","","","3OCHAWUVGPXD5MT5XW1BM5LP34DXKE","A36BQYQGN6OWVU","Approved","Fri Jun 23 07:00:18 PDT 2017","Fri Jun 23 07:01:49 PDT 2017","Mon Jun 26 07:01:49 PDT 2017","2017-06-26 14:02:00 UTC","","","91","100% (38/38)","100% (1/1)","100% (1/1)","I want teen dramas from the 1990's.","What are some family sitcoms from 1980's.","Any romantic historical movies from this century?","I would like to see some movies with Brendan Frasier."
"3E24UO25QZ3GPEWU4ZFC5PTT6N56OW","37HWZYGM8VAZR2AD2LX3B6BQW4ZY94","Querying for movies and TV shows","Give us ways in which you would search for movies and TV shows to watch","voice, command, chat, browse, tv, shows, movie, watch, video","$0.12","Thu Jun 22 14:04:37 PDT 2017","125","BatchId:2845806;OriginalHitTemplateId:;","3600","259200","Thu Jun 29 14:04:37 PDT 2017","","","3ON104KXQL9D2KZC2ZI9D5IMXDPW4W","A13Q8W0MU2Q928","Approved","Thu Jun 22 15:07:44 PDT 2017","Thu Jun 22 15:47:07 PDT 2017","Sun Jun 25 15:47:07 PDT 2017","2017-06-25 22:48:00 UTC","","","2363","100% (1/1)","100% (1/1)","100% (1/1)","Can I see some period dramas?","What are some British mysteries I might watch?","What are some movies with Faye Dunaway?","What do you suggest I watch with my children?"
"3E24UO25QZ3GPEWU4ZFC5PTT6N56OW","37HWZYGM8VAZR2AD2LX3B6BQW4ZY94","Querying for movies and TV shows","Give us ways in which you would search for movies and TV shows to watch","voice, command, chat, browse, tv, shows, movie, watch, video","$0.12","Thu Jun 22 14:04:37 PDT 2017","125","BatchId:2845806;OriginalHitTemplateId:;","3600","259200","Thu Jun 29 14:04:37 PDT 2017","","","3OSWBBLG1FA5RGNV5FFOISQZJSNDXI","A31BO9NWS3PW78","Approved","Thu Jun 22 14:41:19 PDT 2017","Thu Jun 22 14:43:11 PDT 2017","Sun Jun 25 14:43:11 PDT 2017","2017-06-25 21:44:00 UTC","","","112","100% (1/1)","100% (1/1)","100% (1/1)","How many movies is Leonardo DiCaprio in?","Which genre has the highest rated movies?","What classic movies can you suggest?","Can you bring up any new releases?"
"3E24UO25QZ3GPEWU4ZFC5PTT6N56OW","37HWZYGM8VAZR2AD2LX3B6BQW4ZY94","Querying for movies and TV shows","Give us ways in which you would search for movies and TV shows to watch","voice, command, chat, browse, tv, shows, movie, watch, video","$0.12","Thu Jun 22 14:04:37 PDT 2017","125","BatchId:2845806;OriginalHitTemplateId:;","3600","259200","Thu Jun 29 14:04:37 PDT 2017","","","3OXV7EAXLF3UQ912B30M56R3VCM638","A10CLUSRQDKJBH","Approved","Thu Jun 22 22:34:05 PDT 2017","Thu Jun 22 22:44:58 PDT 2017","Sun Jun 25 22:44:58 PDT 2017","2017-06-26 05:45:00 UTC","","","653","100% (1/1)","100% (1/1)","100% (1/1)","What are the best-rated movies by female directors made in the last 10 years?","Are there good movies similar to XXY (I mean the one made in Argentina)?","What are the best comedies with lesbian characters?","What are the best European movies with main characters being in their 30-s?"
"3E24UO25QZ3GPEWU4ZFC5PTT6N56OW","37HWZYGM8VAZR2AD2LX3B6BQW4ZY94","Querying for movies and TV shows","Give us ways in which you would search for movies and TV shows to watch","voice, command, chat, browse, tv, shows, movie, watch, video","$0.12","Thu Jun 22 14:04:37 PDT 2017","125","BatchId:2845806;OriginalHitTemplateId:;","3600","259200","Thu Jun 29 14:04:37 PDT 2017","","","3PS7W85Z80FM791UOP9P7TM3FF7T9T","A34WQXRFH5AKLU","Submitted","Fri Jun 23 21:57:07 PDT 2017","Fri Jun 23 22:02:37 PDT 2017","Mon Jun 26 22:02:37 PDT 2017","","","","330","0% (0/0)","0% (0/0)","0% (0/0)","Do you think I will love this movie?","What type of Korean Dramas that you like the most?","Should I watch this or not?","In what order should i watch this?"
"3E24UO25QZ3GPEWU4ZFC5PTT6N56OW","37HWZYGM8VAZR2AD2LX3B6BQW4ZY94","Querying for movies and TV shows","Give us ways in which you would search for movies and TV shows to watch","voice, command, chat, browse, tv, shows, movie, watch, video","$0.12","Thu Jun 22 14:04:37 PDT 2017","125","BatchId:2845806;OriginalHitTemplateId:;","3600","259200","Thu Jun 29 14:04:37 PDT 2017","","","3PW9OPU9PRXAY54M1XA0R0VUHMJ125","ADBTHA9M2OHJ5","Approved","Thu Jun 22 14:24:12 PDT 2017","Thu Jun 22 14:28:05 PDT 2017","Sun Jun 25 14:28:05 PDT 2017","2017-06-25 21:29:00 UTC","","","233","100% (1/1)","100% (1/1)","100% (1/1)","Is there a new episode of Fargo tonight?","Which network is showing The Godfather Part II?","When is that show with Nicole Kidman and Reese Witherspoon?","What's the latest Fast and Furious movie?"
"3E24UO25QZ3GPEWU4ZFC5PTT6N56OW","37HWZYGM8VAZR2AD2LX3B6BQW4ZY94","Querying for movies and TV shows","Give us ways in which you would search for movies and TV shows to watch","voice, command, chat, browse, tv, shows, movie, watch, video","$0.12","Thu Jun 22 14:04:37 PDT 2017","125","BatchId:2845806;OriginalHitTemplateId:;","3600","259200","Thu Jun 29 14:04:37 PDT 2017","","","3QAVNHZ3ENHCTF3U7MLYHXN6RH1ALE","A1RNVGTKBFKQ6B","Approved","Thu Jun 22 21:47:19 PDT 2017","Thu Jun 22 21:47:39 PDT 2017","Sun Jun 25 21:47:39 PDT 2017","2017-06-26 04:48:00 UTC","","","20","100% (1/1)","100% (1/1)","100% (1/1)","What is the highest rated batman movie?","{}","{}","{}"
"3E24UO25QZ3GPEWU4ZFC5PTT6N56OW","37HWZYGM8VAZR2AD2LX3B6BQW4ZY94","Querying for movies and TV shows","Give us ways in which you would search for movies and TV shows to watch","voice, command, chat, browse, tv, shows, movie, watch, video","$0.12","Thu Jun 22 14:04:37 PDT 2017","125","BatchId:2845806;OriginalHitTemplateId:;","3600","259200","Thu Jun 29 14:04:37 PDT 2017","","","3RJSC4XJ1172QD2RNX8YB2FWW7F50O","A3CTRPYM593S4J","Submitted","Fri Jun 23 13:42:28 PDT 2017","Fri Jun 23 13:44:53 PDT 2017","Mon Jun 26 13:44:53 PDT 2017","","","","145","100% (200/200)","100% (1/1)","100% (1/1)","Play Johnny Depp's newest movie please.","Are there any new Family Guy episodes out this year?","Do you have any MTV shows on here?","What reality shows have new episodes coming out right now?"
"3E24UO25QZ3GPEWU4ZFC5PTT6N56OW","37HWZYGM8VAZR2AD2LX3B6BQW4ZY94","Querying for movies and TV shows","Give us ways in which you would search for movies and TV shows to watch","voice, command, chat, browse, tv, shows, movie, watch, video","$0.12","Thu Jun 22 14:04:37 PDT 2017","125","BatchId:2845806;OriginalHitTemplateId:;","3600","259200","Thu Jun 29 14:04:37 PDT 2017","","","3RKNTXVS3NBGV7W91UMHVGLV5YMA47","A2YAMQLYLI0QQG","Submitted","Sat Jun 24 08:35:45 PDT 2017","Sat Jun 24 08:38:10 PDT 2017","Tue Jun 27 08:38:10 PDT 2017","","","","145","0% (0/0)","0% (0/0)","0% (0/0)","What shows are people in my age group watching?","what kids films star talking animals?","can you find me some classic films with popular cultural references?","What films have strong female role models for teens?"
"3E24UO25QZ3GPEWU4ZFC5PTT6N56OW","37HWZYGM8VAZR2AD2LX3B6BQW4ZY94","Querying for movies and TV shows","Give us ways in which you would search for movies and TV shows to watch","voice, command, chat, browse, tv, shows, movie, watch, video","$0.12","Thu Jun 22 14:04:37 PDT 2017","125","BatchId:2845806;OriginalHitTemplateId:;","3600","259200","Thu Jun 29 14:04:37 PDT 2017","","","3RU7GD8VPP66KW4MGE0WJEQWIWNSP2","A2U83S62P8SZ6T","Approved","Thu Jun 22 14:13:36 PDT 2017","Thu Jun 22 14:29:08 PDT 2017","Sun Jun 25 14:29:08 PDT 2017","2017-06-25 21:30:00 UTC","","","932","100% (35/35)","100% (2/2)","100% (2/2)","Show me a series like Fargo","What comedy movies are the funniest?","Any good documenteries","Something written by the Coen Brothers"
"3E24UO25QZ3GPEWU4ZFC5PTT6N56OW","37HWZYGM8VAZR2AD2LX3B6BQW4ZY94","Querying for movies and TV shows","Give us ways in which you would search for movies and TV shows to watch","voice, command, chat, browse, tv, shows, movie, watch, video","$0.12","Thu Jun 22 14:04:37 PDT 2017","125","BatchId:2845806;OriginalHitTemplateId:;","3600","259200","Thu Jun 29 14:04:37 PDT 2017","","","3S0TNUHWKUVFCFMNX73W2T96SNN8DM","A1IQV3QUWRA8G1","Submitted","Sat Jun 24 14:19:58 PDT 2017","Sat Jun 24 14:22:18 PDT 2017","Tue Jun 27 14:22:18 PDT 2017","","","","140","100% (1/1)","0% (0/0)","0% (0/0)","What movie won the best picture Oscar in 2015?","What's a popular TV show from the 70s?","Can I see some movies with George Clooney?","What are some popular reality TV shows?"
"3E24UO25QZ3GPEWU4ZFC5PTT6N56OW","37HWZYGM8VAZR2AD2LX3B6BQW4ZY94","Querying for movies and TV shows","Give us ways in which you would search for movies and TV shows to watch","voice, command, chat, browse, tv, shows, movie, watch, video","$0.12","Thu Jun 22 14:04:37 PDT 2017","125","BatchId:2845806;OriginalHitTemplateId:;","3600","259200","Thu Jun 29 14:04:37 PDT 2017","","","3S3AMIZX3VIHOIC0EJJ14F5PIENCDB","A31FYEC0E2LNAM","Submitted","Fri Jun 23 22:20:57 PDT 2017","Fri Jun 23 22:23:27 PDT 2017","Mon Jun 26 22:23:27 PDT 2017","","","","150","0% (0/0)","0% (0/0)","0% (0/0)","can  i need to pay for this","what are genres available","can i watch live tv shows","what are the special programmes available now"
"3E24UO25QZ3GPEWU4ZFC5PTT6N56OW","37HWZYGM8VAZR2AD2LX3B6BQW4ZY94","Querying for movies and TV shows","Give us ways in which you would search for movies and TV shows to watch","voice, command, chat, browse, tv, shows, movie, watch, video","$0.12","Thu Jun 22 14:04:37 PDT 2017","125","BatchId:2845806;OriginalHitTemplateId:;","3600","259200","Thu Jun 29 14:04:37 PDT 2017","","","3S4AW7T80CVXRQNDYLB74U16ZA34L1","A1Z2O2ZDR0169N","Submitted","Fri Jun 23 18:05:23 PDT 2017","Fri Jun 23 18:07:07 PDT 2017","Mon Jun 26 18:07:07 PDT 2017","","","","104","0% (0/0)","0% (0/0)","0% (0/0)","Can you please find me a good movie for tonight?","When is the next episode of Keeping Up With The Kardashians?","Can I see the Pirates of the Caribbean movie franchice?","What movie is ACME Channel playing tonight?"
"3E24UO25QZ3GPEWU4ZFC5PTT6N56OW","37HWZYGM8VAZR2AD2LX3B6BQW4ZY94","Querying for movies and TV shows","Give us ways in which you would search for movies and TV shows to watch","voice, command, chat, browse, tv, shows, movie, watch, video","$0.12","Thu Jun 22 14:04:37 PDT 2017","125","BatchId:2845806;OriginalHitTemplateId:;","3600","259200","Thu Jun 29 14:04:37 PDT 2017","","","3SB5N7Y3O4H06ARB4TRPFZ6LMGJG07","A2COCSUGZV28X","Submitted","Fri Jun 23 10:07:11 PDT 2017","Fri Jun 23 10:09:18 PDT 2017","Mon Jun 26 10:09:18 PDT 2017","","","","127","0% (0/0)","0% (0/0)","0% (0/0)","Which is the movie of the month?","Any special program in this week?","Is there any program related to travel and History this week?","What was the best rated program last week?"
"3E24UO25QZ3GPEWU4ZFC5PTT6N56OW","37HWZYGM8VAZR2AD2LX3B6BQW4ZY94","Querying for movies and TV shows","Give us ways in which you would search for movies and TV shows to watch","voice, command, chat, browse, tv, shows, movie, watch, video","$0.12","Thu Jun 22 14:04:37 PDT 2017","125","BatchId:2845806;OriginalHitTemplateId:;","3600","259200","Thu Jun 29 14:04:37 PDT 2017","","","3SKEMFQBZ4INQLSXPOPJ664WCWAK81","A2T5YVU37RBCCP","Submitted","Sat Jun 24 06:33:54 PDT 2017","Sat Jun 24 06:36:06 PDT 2017","Tue Jun 27 06:36:06 PDT 2017","","","","132","100% (1/1)","0% (0/0)","0% (0/0)","May I watch some movies starring Keira Knightley?","Can you show me some Marvel movies?","Who won Best Actor Oscar in 1998?","Can you please suggest some movies about baseball?"
"3E24UO25QZ3GPEWU4ZFC5PTT6N56OW","37HWZYGM8VAZR2AD2LX3B6BQW4ZY94","Querying for movies and TV shows","Give us ways in which you would search for movies and TV shows to watch","voice, command, chat, browse, tv, shows, movie, watch, video","$0.12","Thu Jun 22 14:04:37 PDT 2017","125","BatchId:2845806;OriginalHitTemplateId:;","3600","259200","Thu Jun 29 14:04:37 PDT 2017","","","3SPJ033422G7U7DXK7N144SLQMIYJZ","A2WSW592DLCG3I","Submitted","Sat Jun 24 11:50:24 PDT 2017","Sat Jun 24 11:52:15 PDT 2017","Tue Jun 27 11:52:15 PDT 2017","","","","111","0% (0/0)","0% (0/0)","0% (0/0)","What's the best sci-fi movie?","What are some sitcoms about friends hanging out?","What's the most original movie of 2016?","What was the biggest blockbuster in 1980?"
"3E24UO25QZ3GPEWU4ZFC5PTT6N56OW","37HWZYGM8VAZR2AD2LX3B6BQW4ZY94","Querying for movies and TV shows","Give us ways in which you would search for movies and TV shows to watch","voice, command, chat, browse, tv, shows, movie, watch, video","$0.12","Thu Jun 22 14:04:37 PDT 2017","125","BatchId:2845806;OriginalHitTemplateId:;","3600","259200","Thu Jun 29 14:04:37 PDT 2017","","","3TMFV4NEP9RELLMEE28MUHYRZ018WX","A25GKQB33EZNNE","Approved","Thu Jun 22 20:02:17 PDT 2017","Thu Jun 22 20:10:15 PDT 2017","Sun Jun 25 20:10:15 PDT 2017","2017-06-26 03:11:00 UTC","","","478","100% (2/2)","100% (2/2)","100% (2/2)","Show me box office hits from the 90s.","Suggest films directed by Steven Spielberg.","What did I watch 3 days ago?","What else is Tom Cruise from?"
"3E24UO25QZ3GPEWU4ZFC5PTT6N56OW","37HWZYGM8VAZR2AD2LX3B6BQW4ZY94","Querying for movies and TV shows","Give us ways in which you would search for movies and TV shows to watch","voice, command, chat, browse, tv, shows, movie, watch, video","$0.12","Thu Jun 22 14:04:37 PDT 2017","125","BatchId:2845806;OriginalHitTemplateId:;","3600","259200","Thu Jun 29 14:04:37 PDT 2017","","","3TMFV4NEP9RELLMEE28MUHYRZZQ8WK","A3F02KQZEL4IO","Approved","Thu Jun 22 16:49:58 PDT 2017","Thu Jun 22 16:51:57 PDT 2017","Sun Jun 25 16:51:57 PDT 2017","2017-06-25 23:52:00 UTC","","","119","100% (3/3)","100% (2/2)","100% (2/2)","Can you show me the highest rated movies from 2016?","Is there a new popular show?","Could you play the latest Scarlett Johanson movie?","Is there a new TV drama for me to watch?"
"3E24UO25QZ3GPEWU4ZFC5PTT6N56OW","37HWZYGM8VAZR2AD2LX3B6BQW4ZY94","Querying for movies and TV shows","Give us ways in which you would search for movies and TV shows to watch","voice, command, chat, browse, tv, shows, movie, watch, video","$0.12","Thu Jun 22 14:04:37 PDT 2017","125","BatchId:2845806;OriginalHitTemplateId:;","3600","259200","Thu Jun 29 14:04:37 PDT 2017","","","3TPWUS5F8AEGXOCRVEORW3UAPQ5CWO","ANFU1VR457XZ5","Approved","Thu Jun 22 14:35:54 PDT 2017","Thu Jun 22 14:38:26 PDT 2017","Sun Jun 25 14:38:26 PDT 2017","2017-06-25 21:39:00 UTC","","","152","100% (1/1)","100% (1/1)","100% (1/1)","What movie won best picture at the Oscars in 2015?","What is Jared Letos upcoming movie?","Where can I watch The Handmaids Tale?","What are some 90s movies with Nicole Kidman in them?"
"3E24UO25QZ3GPEWU4ZFC5PTT6N56OW","37HWZYGM8VAZR2AD2LX3B6BQW4ZY94","Querying for movies and TV shows","Give us ways in which you would search for movies and TV shows to watch","voice, command, chat, browse, tv, shows, movie, watch, video","$0.12","Thu Jun 22 14:04:37 PDT 2017","125","BatchId:2845806;OriginalHitTemplateId:;","3600","259200","Thu Jun 29 14:04:37 PDT 2017","","","3TVRFO09GLSOPSBNIWDC15Y4S1OLX5","ANH9V1RZZ1Q2L","Approved","Thu Jun 22 14:13:11 PDT 2017","Thu Jun 22 14:15:27 PDT 2017","Sun Jun 25 14:15:27 PDT 2017","2017-06-25 21:16:00 UTC","","","136","100% (1/1)","100% (1/1)","100% (1/1)","What are the recently uploaded Movies?","Has season 2 of ""Good Morning Call"" been added yet?","Any cooking shows streaming at the moment?","Show me novelas from Colombia."
"3E24UO25QZ3GPEWU4ZFC5PTT6N56OW","37HWZYGM8VAZR2AD2LX3B6BQW4ZY94","Querying for movies and TV shows","Give us ways in which you would search for movies and TV shows to watch","voice, command, chat, browse, tv, shows, movie, watch, video","$0.12","Thu Jun 22 14:04:37 PDT 2017","125","BatchId:2845806;OriginalHitTemplateId:;","3600","259200","Thu Jun 29 14:04:37 PDT 2017","","","3TYCR1GOTDWDUNB2JE1XYQEF01QLZ6","A20FCMI1MPEEJN","Approved","Thu Jun 22 15:48:08 PDT 2017","Thu Jun 22 15:51:38 PDT 2017","Sun Jun 25 15:51:38 PDT 2017","2017-06-25 22:52:00 UTC","","","210","100% (2/2)","100% (2/2)","100% (2/2)","What Movie starred Jim Carey and Jeff Daniels?","What show starred james Garner as a private investigator?","What are some comedies with Arnold Schwarzenegger?","What baseball movies are available?"
"3E24UO25QZ3GPEWU4ZFC5PTT6N56OW","37HWZYGM8VAZR2AD2LX3B6BQW4ZY94","Querying for movies and TV shows","Give us ways in which you would search for movies and TV shows to watch","voice, command, chat, browse, tv, shows, movie, watch, video","$0.12","Thu Jun 22 14:04:37 PDT 2017","125","BatchId:2845806;OriginalHitTemplateId:;","3600","259200","Thu Jun 29 14:04:37 PDT 2017","","","3TYCR1GOTDWDUNB2JE1XYQEF033ZL1","AFXJCGFYDV3GP","Approved","Fri Jun 23 02:25:08 PDT 2017","Fri Jun 23 02:27:08 PDT 2017","Mon Jun 26 02:27:08 PDT 2017","2017-06-26 09:28:00 UTC","","","120","100% (2/2)","100% (2/2)","100% (2/2)","watch day after tomorrow","new kids tv show","show all movies starring will smith","recommend a good show"
"3E24UO25QZ3GPEWU4ZFC5PTT6N56OW","37HWZYGM8VAZR2AD2LX3B6BQW4ZY94","Querying for movies and TV shows","Give us ways in which you would search for movies and TV shows to watch","voice, command, chat, browse, tv, shows, movie, watch, video","$0.12","Thu Jun 22 14:04:37 PDT 2017","125","BatchId:2845806;OriginalHitTemplateId:;","3600","259200","Thu Jun 29 14:04:37 PDT 2017","","","3U5NZHP4LSFHUNQ65KOXF0JU9MZPH9","AOH1ZTM5CE2L5","Approved","Fri Jun 23 00:57:24 PDT 2017","Fri Jun 23 01:00:57 PDT 2017","Mon Jun 26 01:00:57 PDT 2017","2017-06-26 08:01:00 UTC","","","213","100% (1/1)","100% (1/1)","100% (1/1)","HOW MANY COMEDY ACTORS IN THIS MOVIE?","LOCATION OF THE SONGS?","HOW LONG TIME WILL OCCURS FOR FINISH THIS MOVIE?","BUDGETS FOR THIS MOVIE?"
"3E24UO25QZ3GPEWU4ZFC5PTT6N56OW","37HWZYGM8VAZR2AD2LX3B6BQW4ZY94","Querying for movies and TV shows","Give us ways in which you would search for movies and TV shows to watch","voice, command, chat, browse, tv, shows, movie, watch, video","$0.12","Thu Jun 22 14:04:37 PDT 2017","125","BatchId:2845806;OriginalHitTemplateId:;","3600","259200","Thu Jun 29 14:04:37 PDT 2017","","","3U5NZHP4LSFHUNQ65KOXF0JU9PPPH5","A18U9WMYFYJPR6","Submitted","Fri Jun 23 18:09:56 PDT 2017","Fri Jun 23 18:24:22 PDT 2017","Mon Jun 26 18:24:22 PDT 2017","","","","866","100% (1/1)","0% (0/0)","0% (0/0)","What is the most popular tv show today?","Can I watch a movie with George Clooney?","What is a tv show with Matthew Perry?","What was a popular tv show from 1994?"
"3E24UO25QZ3GPEWU4ZFC5PTT6N56OW","37HWZYGM8VAZR2AD2LX3B6BQW4ZY94","Querying for movies and TV shows","Give us ways in which you would search for movies and TV shows to watch","voice, command, chat, browse, tv, shows, movie, watch, video","$0.12","Thu Jun 22 14:04:37 PDT 2017","125","BatchId:2845806;OriginalHitTemplateId:;","3600","259200","Thu Jun 29 14:04:37 PDT 2017","","","3U84XHCDIDQHWF4HDM2GC9C4EFVZ4R","A2JPXIQL0FPQOR","Approved","Thu Jun 22 15:52:15 PDT 2017","Thu Jun 22 15:56:25 PDT 2017","Sun Jun 25 15:56:25 PDT 2017","2017-06-25 22:57:00 UTC","","","250","100% (1/1)","100% (1/1)","100% (1/1)","What's a good current show about New York?","Can you find me a black and white movie from 1950?","Can I see some tv shows about working women?","What is the newest movie out right now?"
"3E24UO25QZ3GPEWU4ZFC5PTT6N56OW","37HWZYGM8VAZR2AD2LX3B6BQW4ZY94","Querying for movies and TV shows","Give us ways in which you would search for movies and TV shows to watch","voice, command, chat, browse, tv, shows, movie, watch, video","$0.12","Thu Jun 22 14:04:37 PDT 2017","125","BatchId:2845806;OriginalHitTemplateId:;","3600","259200","Thu Jun 29 14:04:37 PDT 2017","","","3U8YCDAGXQTRJZLP7PW19DANS4SQ0E","A3I671D3GD6ZST","Submitted","Sat Jun 24 09:00:12 PDT 2017","Sat Jun 24 09:07:56 PDT 2017","Tue Jun 27 09:07:56 PDT 2017","","","","464","0% (0/0)","0% (0/0)","0% (0/0)","Could you find a silent film with Charlie Chaplin?","Can you search for a western movie with John Wayne?","Would any historical documentaries about world war II be on tonight?","Are there any movies showing tonight about Christmas?"
"3E24UO25QZ3GPEWU4ZFC5PTT6N56OW","37HWZYGM8VAZR2AD2LX3B6BQW4ZY94","Querying for movies and TV shows","Give us ways in which you would search for movies and TV shows to watch","voice, command, chat, browse, tv, shows, movie, watch, video","$0.12","Thu Jun 22 14:04:37 PDT 2017","125","BatchId:2845806;OriginalHitTemplateId:;","3600","259200","Thu Jun 29 14:04:37 PDT 2017","","","3UOUJI6MTERR8IYHRA5DSSUN5SJXUD","A26B4CKM7CUX1I","Approved","Thu Jun 22 15:17:53 PDT 2017","Thu Jun 22 15:18:26 PDT 2017","Sun Jun 25 15:18:26 PDT 2017","2017-06-25 22:19:00 UTC","","","33","100% (1/1)","100% (1/1)","100% (1/1)","Are there any movies with Tom Cruise and Johnny Depp?","Recommend me some good romantic movies.","What is the highest rated horror film on Metacritic?","What adult cartoons are currently trending?"
"3E24UO25QZ3GPEWU4ZFC5PTT6N56OW","37HWZYGM8VAZR2AD2LX3B6BQW4ZY94","Querying for movies and TV shows","Give us ways in which you would search for movies and TV shows to watch","voice, command, chat, browse, tv, shows, movie, watch, video","$0.12","Thu Jun 22 14:04:37 PDT 2017","125","BatchId:2845806;OriginalHitTemplateId:;","3600","259200","Thu Jun 29 14:04:37 PDT 2017","","","3UOUJI6MTERR8IYHRA5DSSUN5W3XU5","A1CY01G7686ORZ","Submitted","Fri Jun 23 20:25:28 PDT 2017","Fri Jun 23 20:27:21 PDT 2017","Mon Jun 26 20:27:21 PDT 2017","","","","113","100% (1/1)","0% (0/0)","0% (0/0)","Can you reccomend a recent drama?","Can I see movies with Brad Pitt?","I'd like to watch a movie that came out in 1982.","What would you suggest that has a happy ending?"
"3E24UO25QZ3GPEWU4ZFC5PTT6N56OW","37HWZYGM8VAZR2AD2LX3B6BQW4ZY94","Querying for movies and TV shows","Give us ways in which you would search for movies and TV shows to watch","voice, command, chat, browse, tv, shows, movie, watch, video","$0.12","Thu Jun 22 14:04:37 PDT 2017","125","BatchId:2845806;OriginalHitTemplateId:;","3600","259200","Thu Jun 29 14:04:37 PDT 2017","","","3VHP9MDGROXEM2QW5PERSF8AUOUFCA","A13B76IU2R3W8U","Approved","Thu Jun 22 19:05:47 PDT 2017","Thu Jun 22 19:08:23 PDT 2017","Sun Jun 25 19:08:23 PDT 2017","2017-06-26 02:09:00 UTC","","","156","100% (1/1)","100% (1/1)","100% (1/1)","What movies were first shown at a film festival?","What are some movies that are based on a true story?","Are there any new documentaries out?","What are some TV shows like Orange is the New Black?"
"3E24UO25QZ3GPEWU4ZFC5PTT6N56OW","37HWZYGM8VAZR2AD2LX3B6BQW4ZY94","Querying for movies and TV shows","Give us ways in which you would search for movies and TV shows to watch","voice, command, chat, browse, tv, shows, movie, watch, video","$0.12","Thu Jun 22 14:04:37 PDT 2017","125","BatchId:2845806;OriginalHitTemplateId:;","3600","259200","Thu Jun 29 14:04:37 PDT 2017","","","3VNL7UK1XGWV8JS7RB9HHP8EIDLTF4","A1J2N7V6EK5FRS","Submitted","Sat Jun 24 12:33:13 PDT 2017","Sat Jun 24 12:35:00 PDT 2017","Tue Jun 27 12:35:00 PDT 2017","","","","107","0% (0/0)","0% (0/0)","0% (0/0)","What's the highest rated film of 1985?","Is anything unusually popular tonight?","What's the least viewed movie I can watch?","What's the best modern silent movie?"
"3E24UO25QZ3GPEWU4ZFC5PTT6N56OW","37HWZYGM8VAZR2AD2LX3B6BQW4ZY94","Querying for movies and TV shows","Give us ways in which you would search for movies and TV shows to watch","voice, command, chat, browse, tv, shows, movie, watch, video","$0.12","Thu Jun 22 14:04:37 PDT 2017","125","BatchId:2845806;OriginalHitTemplateId:;","3600","259200","Thu Jun 29 14:04:37 PDT 2017","","","3VP0C6EFSH9VCV9CHL511509V3X6MI","A1TNWOCEZ6RFI7","Approved","Thu Jun 22 20:07:33 PDT 2017","Thu Jun 22 20:09:37 PDT 2017","Sun Jun 25 20:09:37 PDT 2017","2017-06-26 03:10:00 UTC","","","124","100% (2/2)","100% (2/2)","100% (2/2)","What's a good super hero movie?","What's the best TV show right now?","What are movies with Johnny Depp?","Who is the best actor movies?"
"3E24UO25QZ3GPEWU4ZFC5PTT6N56OW","37HWZYGM8VAZR2AD2LX3B6BQW4ZY94","Querying for movies and TV shows","Give us ways in which you would search for movies and TV shows to watch","voice, command, chat, browse, tv, shows, movie, watch, video","$0.12","Thu Jun 22 14:04:37 PDT 2017","125","BatchId:2845806;OriginalHitTemplateId:;","3600","259200","Thu Jun 29 14:04:37 PDT 2017","","","3WI0P0II625LUK1JWG9WTA4BIB1DRL","A2YTWLFEYAY5XV","Approved","Thu Jun 22 14:12:24 PDT 2017","Thu Jun 22 14:14:09 PDT 2017","Sun Jun 25 14:14:09 PDT 2017","2017-06-25 21:15:00 UTC","","","105","100% (3/3)","100% (2/2)","100% (2/2)","Can I see some movies with John Cusack?","What movie won the Oscar, for best film, in 1956?","What movie won the Oscar for best director in 1977?","What are some action adventure films from this year?"
"3E24UO25QZ3GPEWU4ZFC5PTT6N56OW","37HWZYGM8VAZR2AD2LX3B6BQW4ZY94","Querying for movies and TV shows","Give us ways in which you would search for movies and TV shows to watch","voice, command, chat, browse, tv, shows, movie, watch, video","$0.12","Thu Jun 22 14:04:37 PDT 2017","125","BatchId:2845806;OriginalHitTemplateId:;","3600","259200","Thu Jun 29 14:04:37 PDT 2017","","","3WMOAN2SRCAM939DUUS9QC58HLTNVJ","A23KWI5P9WYEBZ","Approved","Thu Jun 22 18:14:30 PDT 2017","Thu Jun 22 18:21:44 PDT 2017","Sun Jun 25 18:21:44 PDT 2017","2017-06-26 01:22:00 UTC","","","434","100% (498/498)","100% (2/2)","100% (2/2)","How many movies are there with Mark Wahlberg?","What movie is playing on Friday that you would suggest for a family?","Can you give some movie or tv show suggestions with Donnie Wahlberg?","What movies from the 1990's involved cops?"
"3E24UO25QZ3GPEWU4ZFC5PTT6N56OW","37HWZYGM8VAZR2AD2LX3B6BQW4ZY94","Querying for movies and TV shows","Give us ways in which you would search for movies and TV shows to watch","voice, command, chat, browse, tv, shows, movie, watch, video","$0.12","Thu Jun 22 14:04:37 PDT 2017","125","BatchId:2845806;OriginalHitTemplateId:;","3600","259200","Thu Jun 29 14:04:37 PDT 2017","","","3WQQ9FUS6B7MXIO3JBCQ73L6PZG8BE","A2PZH16YCBHDYY","Approved","Thu Jun 22 18:41:28 PDT 2017","Thu Jun 22 18:55:58 PDT 2017","Sun Jun 25 18:55:58 PDT 2017","2017-06-26 01:56:00 UTC","","","870","100% (1/1)","100% (1/1)","100% (1/1)","What movies were nominated for Best Picture in 2016?","What movies has Oscar Isaac been in?","Can you recommend any shows similar to Orphan Black?","What are some popular tv mini series?"
"3E24UO25QZ3GPEWU4ZFC5PTT6N56OW","37HWZYGM8VAZR2AD2LX3B6BQW4ZY94","Querying for movies and TV shows","Give us ways in which you would search for movies and TV shows to watch","voice, command, chat, browse, tv, shows, movie, watch, video","$0.12","Thu Jun 22 14:04:37 PDT 2017","125","BatchId:2845806;OriginalHitTemplateId:;","3600","259200","Thu Jun 29 14:04:37 PDT 2017","","","3WT783CTPCUO9LEG0NSV9PHPFPMBC6","A1VG8WTPJFZJAI","Approved","Thu Jun 22 14:16:25 PDT 2017","Thu Jun 22 14:18:54 PDT 2017","Sun Jun 25 14:18:54 PDT 2017","2017-06-25 21:19:00 UTC","","","149","100% (1/1)","100% (1/1)","100% (1/1)","Can I see action movies?","What's an interesting documentary to watch?","What is a popular reality tv show?","Can I see movies starring Oscar winning actors?"
"3E24UO25QZ3GPEWU4ZFC5PTT6N56OW","37HWZYGM8VAZR2AD2LX3B6BQW4ZY94","Querying for movies and TV shows","Give us ways in which you would search for movies and TV shows to watch","voice, command, chat, browse, tv, shows, movie, watch, video","$0.12","Thu Jun 22 14:04:37 PDT 2017","125","BatchId:2845806;OriginalHitTemplateId:;","3600","259200","Thu Jun 29 14:04:37 PDT 2017","","","3X31TUMD7YZGZRQUB3S56WU3NQB1L3","A1VIMBOSJ5EER9","Submitted","Sat Jun 24 08:18:01 PDT 2017","Sat Jun 24 08:24:01 PDT 2017","Tue Jun 27 08:24:01 PDT 2017","","","","360","0% (0/0)","0% (0/0)","0% (0/0)","Can you show me small wonders TV shows from the 90s?","Which movie should I watch in the evening?","What is the show timing of The Originals TV series and on which channel?","List the name of movies of Keanu Reeves?"
"3E24UO25QZ3GPEWU4ZFC5PTT6N56OW","37HWZYGM8VAZR2AD2LX3B6BQW4ZY94","Querying for movies and TV shows","Give us ways in which you would search for movies and TV shows to watch","voice, command, chat, browse, tv, shows, movie, watch, video","$0.12","Thu Jun 22 14:04:37 PDT 2017","125","BatchId:2845806;OriginalHitTemplateId:;","3600","259200","Thu Jun 29 14:04:37 PDT 2017","","","3X65QVEQI100MU0SR0HPNSDURJACL4","AXFR7YKAC6GND","Approved","Thu Jun 22 17:33:06 PDT 2017","Thu Jun 22 17:36:04 PDT 2017","Sun Jun 25 17:36:04 PDT 2017","2017-06-26 00:37:00 UTC","","","178","100% (67/67)","100% (2/2)","100% (2/2)","When will the last episode of Seinfeld be aired again?","Can you schedule me about Castle this week?","How many animation movies were in theater last year?","List war movies with Owen Wilson."
"3E24UO25QZ3GPEWU4ZFC5PTT6N56OW","37HWZYGM8VAZR2AD2LX3B6BQW4ZY94","Querying for movies and TV shows","Give us ways in which you would search for movies and TV shows to watch","voice, command, chat, browse, tv, shows, movie, watch, video","$0.12","Thu Jun 22 14:04:37 PDT 2017","125","BatchId:2845806;OriginalHitTemplateId:;","3600","259200","Thu Jun 29 14:04:37 PDT 2017","","","3X66WABAJXVWN2Q8NG98HX4SPP9G32","A206Y7VNHU7DAC","Approved","Thu Jun 22 17:17:20 PDT 2017","Thu Jun 22 17:18:40 PDT 2017","Sun Jun 25 17:18:40 PDT 2017","2017-06-26 00:19:00 UTC","","","80","100% (1/1)","100% (1/1)","100% (1/1)","Director David Lynch films","Movies starring Robert de Niro","Movies this month with 8 or higher on IMDB","Last film starring Johnny Depp"
"3E24UO25QZ3GPEWU4ZFC5PTT6N56OW","37HWZYGM8VAZR2AD2LX3B6BQW4ZY94","Querying for movies and TV shows","Give us ways in which you would search for movies and TV shows to watch","voice, command, chat, browse, tv, shows, movie, watch, video","$0.12","Thu Jun 22 14:04:37 PDT 2017","125","BatchId:2845806;OriginalHitTemplateId:;","3600","259200","Thu Jun 29 14:04:37 PDT 2017","","","3Y4W8Q93L0XDNRI050E6U7TE3LJVD9","A1RE63EMJB8CLQ","Submitted","Sat Jun 24 11:40:53 PDT 2017","Sat Jun 24 11:43:07 PDT 2017","Tue Jun 27 11:43:07 PDT 2017","","","","134","0% (0/0)","0% (0/0)","0% (0/0)","What are the top rated tv shows on Imdb this week?","Which tv show is similar to Netflix's Stranger Things?","When is the next season of Better Call Saul coming out?","What is the name of upcoming Christopher Nolan's movie?"
"3E24UO25QZ3GPEWU4ZFC5PTT6N56OW","37HWZYGM8VAZR2AD2LX3B6BQW4ZY94","Querying for movies and TV shows","Give us ways in which you would search for movies and TV shows to watch","voice, command, chat, browse, tv, shows, movie, watch, video","$0.12","Thu Jun 22 14:04:37 PDT 2017","125","BatchId:2845806;OriginalHitTemplateId:;","3600","259200","Thu Jun 29 14:04:37 PDT 2017","","","3YDGXNSEO072CJ3U4W23ZPF0F6K84R","ACJ6NSCIWMUZI","Approved","Thu Jun 22 14:06:20 PDT 2017","Thu Jun 22 14:08:29 PDT 2017","Sun Jun 25 14:08:29 PDT 2017","2017-06-25 21:09:00 UTC","","","129","100% (4/4)","100% (1/1)","100% (1/1)","Are there any new horror movies?","Can I see crime dramas from the 90s?","What movies star Mel Gibson?","Can see the newest war movies?"
"3E24UO25QZ3GPEWU4ZFC5PTT6N56OW","37HWZYGM8VAZR2AD2LX3B6BQW4ZY94","Querying for movies and TV shows","Give us ways in which you would search for movies and TV shows to watch","voice, command, chat, browse, tv, shows, movie, watch, video","$0.12","Thu Jun 22 14:04:37 PDT 2017","125","BatchId:2845806;OriginalHitTemplateId:;","3600","259200","Thu Jun 29 14:04:37 PDT 2017","","","3YHH42UU5CSGS25CFKO5SRBTIU3L0A","A3NRXBYR4SY2KB","Approved","Thu Jun 22 14:07:29 PDT 2017","Thu Jun 22 14:07:56 PDT 2017","Sun Jun 25 14:07:56 PDT 2017","2017-06-25 21:08:00 UTC","","","27","100% (1/1)","100% (1/1)","100% (1/1)","What","{}","{}","{}"
"3E24UO25QZ3GPEWU4ZFC5PTT6N56OW","37HWZYGM8VAZR2AD2LX3B6BQW4ZY94","Querying for movies and TV shows","Give us ways in which you would search for movies and TV shows to watch","voice, command, chat, browse, tv, shows, movie, watch, video","$0.12","Thu Jun 22 14:04:37 PDT 2017","125","BatchId:2845806;OriginalHitTemplateId:;","3600","259200","Thu Jun 29 14:04:37 PDT 2017","","","3YHH42UU5CSGS25CFKO5SRBTIVSL01","A3L90ZEYAI45GK","Approved","Thu Jun 22 23:33:41 PDT 2017","Thu Jun 22 23:34:30 PDT 2017","Sun Jun 25 23:34:30 PDT 2017","2017-06-26 06:35:00 UTC","","","49","100% (1/1)","100% (1/1)","100% (1/1)","Show me funny movies","I want to see action packed movies","What movies have Leo in them","A good late night thriller"
"3E24UO25QZ3GPEWU4ZFC5PTT6N56OW","37HWZYGM8VAZR2AD2LX3B6BQW4ZY94","Querying for movies and TV shows","Give us ways in which you would search for movies and TV shows to watch","voice, command, chat, browse, tv, shows, movie, watch, video","$0.12","Thu Jun 22 14:04:37 PDT 2017","125","BatchId:2845806;OriginalHitTemplateId:;","3600","259200","Thu Jun 29 14:04:37 PDT 2017","","","3Z7VU45IPZU04G7YQ4JEEB512VLZ1E","A2M3LVBUZLN8MO","Approved","Thu Jun 22 15:51:50 PDT 2017","Thu Jun 22 15:52:46 PDT 2017","Sun Jun 25 15:52:46 PDT 2017","2017-06-25 22:53:00 UTC","","","56","100% (10/10)","100% (1/1)","100% (1/1)","I would like a list of Vince Vaughn movies.","Best comedies of 2017.","Popular movies right now.","Find me a romantic comedy."
"3E24UO25QZ3GPEWU4ZFC5PTT6N56OW","37HWZYGM8VAZR2AD2LX3B6BQW4ZY94","Querying for movies and TV shows","Give us ways in which you would search for movies and TV shows to watch","voice, command, chat, browse, tv, shows, movie, watch, video","$0.12","Thu Jun 22 14:04:37 PDT 2017","125","BatchId:2845806;OriginalHitTemplateId:;","3600","259200","Thu Jun 29 14:04:37 PDT 2017","","","3ZAK8W07I5RJBSS6OYG6JE7CVMJ0U8","A6YF5R5J1X7P7","Approved","Thu Jun 22 22:00:24 PDT 2017","Thu Jun 22 22:03:11 PDT 2017","Sun Jun 25 22:03:11 PDT 2017","2017-06-26 05:04:00 UTC","","","167","100% (1/1)","100% (1/1)","100% (1/1)","Show me all the horror movies available.","Who starred in the original movie The Omen?","Please show me classic comedies from the 1950s through the 2000s","Who directed Raging Bull?"
"3E24UO25QZ3GPEWU4ZFC5PTT6N56OW","37HWZYGM8VAZR2AD2LX3B6BQW4ZY94","Querying for movies and TV shows","Give us ways in which you would search for movies and TV shows to watch","voice, command, chat, browse, tv, shows, movie, watch, video","$0.12","Thu Jun 22 14:04:37 PDT 2017","125","BatchId:2845806;OriginalHitTemplateId:;","3600","259200","Thu Jun 29 14:04:37 PDT 2017","","","3ZGVPD4G6UU1D0J7SN3OKHOWUIBTZO","A2ZK3W3IS384KA","Submitted","Sat Jun 24 09:50:13 PDT 2017","Sat Jun 24 09:53:00 PDT 2017","Tue Jun 27 09:53:00 PDT 2017","","","","167","0% (0/0)","0% (0/0)","0% (0/0)","What are the Best Zombie movies?","What is the best romantic comedy with Kate Hudson?","Which is Adam Sandler's latest movie?","What is the longest running tv show"